Number_of_Riders,Number_of_Drivers,Location_Category,Customer_Loyalty_Status,Number_of_Past_Rides,Average_Ratings,Time_of_Booking,Vehicle_Type,Expected_Ride_Duration,Historical_Cost_of_Ride,price_ratio,adjusted_price
90,45,2,2,13,4.47,3,1,90,284.25727302188227,0.5,372.5026233496332
58,39,1,2,72,4.06,1,0,43,173.87475274940766,0.2388888888888889,275.2380494750068
42,31,0,2,0,3.99,0,1,76,329.7954689622466,0.4222222222222222,343.5301970891062
89,28,0,1,67,4.31,0,1,134,470.2012317513198,0.7444444444444445,463.5588201684325
78,22,0,1,74,3.77,0,0,149,579.6814223640141,0.8277777777777777,494.60070544756854
59,35,2,2,83,3.51,3,0,128,339.9553606047221,0.7111111111111111,451.14206605677805
93,43,1,1,44,4.41,0,1,16,104.06154127359152,0.08888888888888889,219.36265597256178
62,39,0,0,83,3.59,0,1,47,235.81186355605,0.2611111111111111,283.51588554944306
79,14,0,2,71,3.74,1,0,128,501.4125174833056,0.7111111111111111,451.14206605677805
42,6,0,2,21,3.85,3,1,128,398.9933645706103,0.7111111111111111,451.14206605677805
86,17,2,1,99,4.69,2,0,167,669.2986264658781,0.9277777777777778,531.8509677825318
60,38,0,0,15,4.14,1,1,144,414.9901047325251,0.8,484.25341035452317
24,8,0,0,50,4.12,2,0,164,490.41072171830416,0.9111111111111111,525.6425907267046
36,24,1,2,88,4.22,3,1,83,296.24287599192223,0.46111111111111114,358.01641021936973
63,13,0,1,74,4.95,0,1,102,327.0888648717375,0.5666666666666667,397.33613157294207
39,12,2,2,30,4.51,0,1,140,445.1368684239125,0.7777777777777778,475.97557428008685
38,28,0,2,35,3.93,0,1,54,244.5361718306458,0.3,298.0020986797066
46,14,1,2,21,4.71,0,0,15,47.31430863361691,0.08333333333333333,217.29319695395267
33,7,1,0,49,4.31,1,1,22,129.8082629093964,0.12222222222222222,231.77941008421624
31,7,1,2,24,4.82,1,1,87,382.9481103198511,0.48333333333333334,366.294246293806
96,45,2,1,6,4.95,0,1,11,82.77279318243978,0.06111111111111111,209.0153608795164
22,11,1,2,79,4.48,3,0,15,64.07117255500656,0.08333333333333333,217.29319695395267
74,16,0,1,6,3.97,2,0,139,390.6687658288554,0.7722222222222223,473.9061152614778
24,12,2,1,10,3.6,1,1,45,212.1665249737545,0.25,279.3769675122249
48,19,1,0,72,3.81,3,1,65,235.65813370551408,0.3611111111111111,320.7661478844064
56,13,0,1,36,4.81,1,0,162,406.5574980533908,0.9,521.5036726894865
72,33,0,0,66,4.39,2,1,30,182.4744270596517,0.16666666666666666,248.3350822330888
97,75,2,2,76,4.7,3,0,158,652.617297300081,0.8777777777777778,513.2258366150502
62,33,1,1,39,3.91,1,1,129,403.22709836941993,0.7166666666666667,453.2115250753871
57,38,1,2,54,4.1,3,1,131,537.7848594528473,0.7277777777777777,457.35044311260526
25,7,1,2,13,3.99,2,1,81,286.13145256368455,0.45,353.8774921821515
75,56,1,0,94,4.79,1,1,153,485.0546633356366,0.85,502.87854152200487
39,9,2,0,39,4.64,0,1,48,171.0859835160851,0.26666666666666666,285.5853445680521
35,24,1,0,73,3.76,1,1,105,485.8784537318511,0.5833333333333334,403.5445086287694
68,32,1,1,34,3.58,2,0,77,294.7328864777875,0.42777777777777776,345.59965610771525
96,43,0,2,97,3.68,2,1,91,392.83872040801793,0.5055555555555555,374.57208236824226
28,11,1,0,52,4.33,0,1,94,456.1809467866996,0.5222222222222223,380.7804594240695
25,15,0,0,65,4.88,1,1,101,502.5293207873477,0.5611111111111111,395.266672554333
28,6,1,1,2,4.29,2,0,89,244.21766165291973,0.49444444444444446,370.43316433102416
73,17,0,1,14,4.81,1,1,170,634.7265312250814,0.9444444444444444,538.059344838359
36,18,2,2,88,3.73,3,1,92,345.40676830595487,0.5111111111111111,376.6415413868513
56,10,2,2,55,4.5,3,0,45,151.15212964816465,0.25,279.3769675122249
97,81,1,1,52,4.56,1,0,125,530.7599938912294,0.6944444444444444,444.9336890009508
63,9,0,1,89,3.87,0,1,166,482.85016419959805,0.9222222222222223,529.7815087639228
78,33,2,2,35,4.46,2,1,116,355.9595074862448,0.6444444444444445,426.3085578334691
29,10,1,1,25,3.77,0,0,91,303.9609626071891,0.5055555555555555,374.57208236824226
73,33,1,2,60,3.88,3,1,161,514.8771742414517,0.8944444444444445,519.4342136708774
94,29,2,1,67,3.59,1,1,96,361.13235495172165,0.5333333333333333,384.9193774612876
54,28,1,2,83,4.49,3,0,32,80.26246462184758,0.17777777777777778,252.47400027030696
67,6,0,0,15,3.53,3,0,123,420.6239113101238,0.6833333333333333,440.7947709637326
23,8,2,2,27,4.73,0,0,117,520.8926706123274,0.65,428.37801685207813
70,14,2,2,16,4.3,2,0,53,183.07579104191225,0.29444444444444445,295.93263966109754
20,10,0,2,70,4.92,1,0,65,190.13746358777752,0.3611111111111111,320.7661478844064
95,84,1,0,18,3.86,0,1,112,522.3021028701461,0.6222222222222222,418.0307217590328
43,16,2,2,40,4.89,3,1,106,410.6863449474928,0.5888888888888889,405.61396764737844
97,55,1,2,94,4.62,1,1,150,584.9958711291002,0.8333333333333334,496.67016446617765
32,20,0,2,44,3.55,3,0,68,301.62262644973293,0.37777777777777777,326.9745249402336
95,25,1,1,72,4.16,2,1,128,413.5870840445325,0.7111111111111111,451.14206605677805
47,15,2,0,14,4.84,3,0,89,273.11810461931896,0.49444444444444446,370.43316433102416
25,11,0,2,33,3.85,3,0,94,247.1745626508575,0.5222222222222223,380.7804594240695
37,22,0,1,76,4.72,0,0,69,213.4432507972432,0.38333333333333336,329.04398395884266
59,39,1,0,49,3.78,2,1,98,295.79438015283176,0.5444444444444444,389.05829549850574
42,20,2,2,88,4.64,3,1,29,145.0698091748401,0.16111111111111112,246.26562321447972
53,11,0,1,2,3.5,0,1,81,297.0186264188845,0.45,353.8774921821515
79,64,0,1,91,4.57,3,0,164,666.6870291344428,0.9111111111111111,525.6425907267046
59,23,2,0,41,4.97,1,1,91,449.5456339145253,0.5055555555555555,374.57208236824226
40,29,2,1,72,4.3,0,0,147,624.9860100296204,0.8166666666666667,490.4617874103504
76,40,1,2,77,4.17,2,0,28,96.03520851587072,0.15555555555555556,244.19616419587067
41,26,2,1,96,3.91,3,0,169,637.7593915947267,0.9388888888888889,535.98988581975
83,14,2,1,80,4.77,3,1,64,295.5887110300315,0.35555555555555557,318.69668886579734
44,17,0,1,15,4.0,1,0,98,353.33854512223814,0.5444444444444444,389.05829549850574
91,73,2,0,61,4.39,3,0,15,62.25429041832141,0.08333333333333333,217.29319695395267
54,16,1,1,8,4.5,0,1,67,266.0685899337195,0.37222222222222223,324.90506592162455
59,37,0,2,86,4.67,3,1,95,340.1282671016029,0.5277777777777778,382.84991844267853
72,43,1,0,28,4.87,0,0,132,443.258155352454,0.7333333333333333,459.4199021312143
47,9,0,0,49,4.44,1,0,96,265.05527443495566,0.5333333333333333,384.9193774612876
32,22,0,2,49,4.65,3,0,60,221.4343854791753,0.3333333333333333,310.41885279136096
45,13,0,1,96,4.84,3,0,112,393.2308288248255,0.6222222222222222,418.0307217590328
72,45,2,2,82,4.42,3,1,40,151.58040412487964,0.2222222222222222,269.0296724191795
56,15,2,0,34,4.72,3,1,78,313.9950046053331,0.43333333333333335,347.66911512632436
42,22,0,2,67,3.81,0,1,82,366.1515260551269,0.45555555555555555,355.9469512007606
52,14,1,2,87,3.54,0,1,98,425.97356882411634,0.5444444444444444,389.05829549850574
81,23,2,0,39,4.3,1,0,143,359.0531279855558,0.7944444444444444,482.18395133591406
77,25,0,1,70,4.27,0,1,52,260.34417984860374,0.28888888888888886,293.86318064248843
27,6,2,0,2,4.42,3,0,86,320.30170917475425,0.4777777777777778,364.22478727519695
74,34,0,1,18,4.66,2,1,140,454.49212153190336,0.7777777777777778,475.97557428008685
92,69,2,2,88,4.69,0,0,18,45.11502370436019,0.1,223.50157400977992
77,34,0,0,33,4.13,3,1,48,223.6621142931812,0.26666666666666666,285.5853445680521
66,6,0,1,23,4.2,1,0,45,173.1577542620492,0.25,279.3769675122249
77,39,2,1,23,4.29,2,0,167,592.240499627505,0.9277777777777778,531.8509677825318
35,16,2,1,31,4.75,0,1,113,379.3078104185831,0.6277777777777778,420.10018077764187
48,38,0,0,40,3.7,1,1,80,360.7111703191874,0.4444444444444444,351.80803316354246
61,18,0,0,84,3.93,1,1,58,203.49261837786293,0.32222222222222224,306.27993475414286
71,21,1,2,82,4.88,0,1,126,553.5451307734787,0.7,447.00314801955983
95,7,0,0,40,4.68,1,0,95,283.46644254307614,0.5277777777777778,382.84991844267853
76,44,1,0,20,3.56,0,1,105,435.14534513079855,0.5833333333333334,403.5445086287694
32,13,1,1,21,4.64,0,0,156,685.7681264991488,0.8666666666666667,509.0869185778321
49,30,0,2,57,4.83,1,0,154,630.8608868741742,0.8555555555555555,504.9480005406139
38,17,2,2,92,4.41,0,1,138,546.1568747653598,0.7666666666666667,471.8366562428687
92,35,1,1,46,4.72,2,0,45,115.35700254441711,0.25,279.3769675122249
40,29,1,2,26,4.26,3,0,152,404.0498951423794,0.8444444444444444,500.8090825033958
55,42,1,2,24,4.49,0,0,45,156.03832988580584,0.25,279.3769675122249
58,34,0,0,19,4.55,2,1,131,501.26295506529306,0.7277777777777777,457.35044311260526
34,5,2,1,26,4.85,1,1,152,562.4369764527329,0.8444444444444444,500.8090825033958
70,47,1,2,3,3.66,2,1,53,216.8024750869831,0.29444444444444445,295.93263966109754
51,24,0,0,25,4.68,0,1,16,120.09069016935676,0.08888888888888889,219.36265597256178
88,56,0,1,11,4.36,0,0,60,221.1576532597614,0.3333333333333333,310.41885279136096
25,8,1,2,83,3.53,1,0,121,492.7012709061221,0.6722222222222223,436.6558529265145
34,19,0,1,51,4.2,3,1,166,754.2344800100251,0.9222222222222223,529.7815087639228
40,15,2,1,90,3.62,3,1,42,211.52772882563164,0.23333333333333334,273.16859045639774
26,7,1,0,58,4.91,0,0,161,460.75927538572495,0.8944444444444445,519.4342136708774
81,42,1,1,88,4.14,0,0,47,164.10747354764283,0.2611111111111111,283.51588554944306
80,56,1,0,63,4.57,3,1,43,213.6962129956236,0.2388888888888889,275.2380494750068
64,19,0,0,86,4.68,3,1,171,732.9893961300692,0.95,540.1288038569681
45,18,0,0,68,4.07,2,0,136,350.6012026111729,0.7555555555555555,467.6977382056506
84,49,2,1,32,4.25,3,1,53,192.8798062051633,0.29444444444444445,295.93263966109754
34,16,2,2,47,4.12,1,0,93,294.11580585015537,0.5166666666666667,378.7110004054604
67,32,1,1,40,4.47,0,1,13,82.52418774801069,0.07222222222222222,213.15427891673454
93,23,1,2,34,4.23,1,1,125,386.169069413996,0.6944444444444444,444.9336890009508
100,51,2,2,56,3.58,3,0,89,310.9003272621974,0.49444444444444446,370.43316433102416
35,22,1,0,15,4.23,2,1,120,373.96284065200393,0.6666666666666666,434.58639390790535
36,13,0,2,31,4.71,3,0,71,221.5511001313172,0.39444444444444443,333.18290199606076
28,18,1,1,100,3.7,0,0,127,531.1127009643968,0.7055555555555556,449.072607038169
21,9,2,0,10,3.88,2,1,108,324.9426389036563,0.6,409.75288568459655
26,15,2,1,35,5.0,2,1,161,493.4068923175674,0.8944444444444445,519.4342136708774
97,21,1,1,59,3.87,1,1,174,778.6333560141928,0.9666666666666667,546.3371809127955
26,15,2,2,10,3.71,2,1,171,720.1572085631501,0.95,540.1288038569681
91,56,2,0,17,4.66,3,0,10,38.23523523879646,0.05555555555555555,206.94590186090736
65,48,0,2,12,4.37,0,1,140,573.5891064527985,0.7777777777777778,475.97557428008685
88,28,2,0,22,4.99,3,1,154,682.016246966075,0.8555555555555555,504.9480005406139
82,13,1,0,32,3.58,3,0,148,516.4367273015673,0.8222222222222222,492.53124642895943
65,40,2,2,48,3.59,1,0,121,492.5196024192815,0.6722222222222223,436.6558529265145
41,6,2,2,56,4.32,3,0,11,49.234784001519046,0.06111111111111111,209.0153608795164
85,36,0,2,64,4.32,1,0,152,506.6928860981053,0.8444444444444444,500.8090825033958
35,13,0,2,80,3.8,0,0,93,304.3133394836575,0.5166666666666667,378.7110004054604
83,29,2,2,78,4.42,0,1,23,111.179341237614,0.12777777777777777,233.8488691028253
91,31,2,1,12,4.39,3,0,39,163.21458328772866,0.21666666666666667,266.96021340057047
44,28,0,1,31,4.92,3,1,132,402.856989480614,0.7333333333333333,459.4199021312143
96,12,1,0,15,4.97,3,0,90,289.2351908680133,0.5,372.5026233496332
77,46,1,1,97,4.2,0,1,25,150.53929481479082,0.1388888888888889,237.98778714004342
91,80,0,0,74,4.74,3,0,46,194.93555934032696,0.25555555555555554,281.44642653083395
93,42,0,2,75,4.66,2,0,160,674.6485035775572,0.8888888888888888,517.3647546522683
41,9,0,2,73,3.51,2,0,150,551.5572340398235,0.8333333333333334,496.67016446617765
61,44,1,1,69,4.54,0,0,52,132.2147645898824,0.28888888888888886,293.86318064248843
83,10,2,0,28,3.91,0,0,23,70.11182411078714,0.12777777777777777,233.8488691028253
59,22,0,1,79,4.38,2,1,93,346.2847096470098,0.5166666666666667,378.7110004054604
42,31,1,0,62,4.95,3,1,13,102.04473025177862,0.07222222222222222,213.15427891673454
81,16,1,1,73,4.89,3,0,125,494.1401793052489,0.6944444444444444,444.9336890009508
72,19,0,0,89,4.74,2,1,45,183.658314681842,0.25,279.3769675122249
43,9,0,2,2,4.12,2,0,126,436.5576476487414,0.7,447.00314801955983
74,33,2,2,82,4.13,0,0,10,31.362081322241885,0.05555555555555555,206.94590186090736
68,45,0,2,65,4.19,1,0,112,323.4791093139413,0.6222222222222222,418.0307217590328
36,13,2,2,84,4.88,1,1,140,505.3840569466695,0.7777777777777778,475.97557428008685
51,5,2,0,0,4.59,0,1,92,320.8576215627125,0.5111111111111111,376.6415413868513
63,23,2,2,48,4.09,1,0,49,214.5660524456202,0.2722222222222222,287.65480358666116
96,29,2,1,84,3.65,3,0,176,758.5015334295354,0.9777777777777777,550.4760989500136
94,59,1,1,84,4.38,2,1,175,665.7295341217325,0.9722222222222222,548.4066399314045
74,32,1,1,2,4.7,1,1,38,171.06636292972274,0.2111111111111111,264.8907543819614
91,13,0,2,32,3.6,2,1,160,647.3526381087524,0.8888888888888888,517.3647546522683
69,12,1,1,42,4.34,0,1,158,608.1282399929386,0.8777777777777778,513.2258366150502
51,20,0,2,57,3.68,3,0,67,246.92292493661097,0.37222222222222223,324.90506592162455
45,17,0,0,10,4.93,3,1,148,430.0665305032927,0.8222222222222222,492.53124642895943
92,34,1,1,98,3.99,3,0,140,396.6387527092545,0.7777777777777778,475.97557428008685
69,36,1,0,55,4.74,2,0,109,436.0114486061054,0.6055555555555555,411.82234470320566
56,14,1,2,30,3.67,3,0,48,202.9454568505992,0.26666666666666666,285.5853445680521
43,26,0,1,59,4.91,0,0,175,731.7816872483901,0.9722222222222222,548.4066399314045
86,48,2,2,37,4.15,3,0,84,216.05054809363543,0.4666666666666667,360.0858692379788
61,34,2,0,82,3.99,3,1,10,83.86835620425342,0.05555555555555555,206.94590186090736
50,36,1,0,18,4.61,3,0,145,572.2420492964254,0.8055555555555556,486.3228693731323
73,34,2,1,95,4.31,2,1,21,118.8070474355678,0.11666666666666667,229.70995106560716
76,7,2,0,76,4.35,2,0,72,245.8935711917164,0.4,335.2523610146699
87,41,2,1,87,4.36,3,0,87,387.1117403297744,0.48333333333333334,366.294246293806
53,33,0,1,40,3.8,2,1,139,507.9505746530285,0.7722222222222223,473.9061152614778
71,8,1,2,57,3.68,3,0,75,249.302974601016,0.4166666666666667,341.46073807049714
32,5,0,0,80,3.55,3,0,14,45.91711193197189,0.07777777777777778,215.22373793534362
91,30,1,0,34,3.69,0,0,96,424.6120578300381,0.5333333333333333,384.9193774612876
47,37,1,0,64,3.75,2,0,31,85.97357530080251,0.17222222222222222,250.4045412516979
23,13,0,2,42,4.55,3,0,87,328.9669925908357,0.48333333333333334,366.294246293806
57,20,0,1,92,3.74,2,0,53,172.62943414987132,0.29444444444444445,295.93263966109754
48,17,1,2,2,4.09,1,0,85,261.9435328532634,0.4722222222222222,362.15532825658784
22,5,2,0,39,4.92,1,0,56,199.0416803252397,0.3111111111111111,302.1410167169247
60,19,2,2,37,4.22,1,0,68,232.2834549147445,0.37777777777777777,326.9745249402336
94,42,0,1,0,4.23,2,1,36,185.311838106628,0.2,260.75183634474325
43,6,1,2,34,4.4,2,1,24,153.76143970087224,0.13333333333333333,235.91832812143434
97,18,1,1,53,4.25,3,1,26,126.4771352873347,0.14444444444444443,240.05724615865248
47,17,0,2,7,4.8,2,0,173,609.5038276051239,0.9611111111111111,544.2677218941864
39,28,2,2,72,3.76,0,1,87,287.1624375675698,0.48333333333333334,366.294246293806
50,39,1,1,94,3.81,1,1,139,406.32480651562713,0.7722222222222223,473.9061152614778
35,17,2,1,78,4.4,1,1,61,249.03711265544783,0.3388888888888889,312.48831180997007
28,8,1,1,69,3.86,1,1,175,620.9016915662245,0.9722222222222222,548.4066399314045
51,32,0,1,98,4.44,2,1,51,267.0607016773296,0.2833333333333333,291.7937216238793
54,12,1,2,84,4.98,1,1,172,715.7547930992089,0.9555555555555556,542.1982628755773
65,10,2,1,77,4.36,0,0,170,430.385487919734,0.9444444444444444,538.059344838359
61,26,0,0,21,3.85,2,1,126,604.273047008686,0.7,447.00314801955983
46,9,1,2,67,4.22,1,1,47,243.5250631593867,0.2611111111111111,283.51588554944306
73,50,2,1,7,4.22,3,0,45,176.2144067384048,0.25,279.3769675122249
86,49,2,1,99,3.51,3,0,130,471.4796320940979,0.7222222222222222,455.2809840939962
75,7,1,0,100,4.13,2,0,134,453.3769493913552,0.7444444444444445,463.5588201684325
39,29,1,2,12,4.24,1,0,97,251.1073064574406,0.5388888888888889,386.9888364798967
33,6,0,0,90,4.81,3,1,139,521.8019208244536,0.7722222222222223,473.9061152614778
40,29,1,2,6,4.94,3,1,71,346.4926515319707,0.39444444444444443,333.18290199606076
54,35,1,2,66,4.4,3,0,77,234.0714535105622,0.42777777777777776,345.59965610771525
53,26,2,0,54,4.6,3,1,52,184.0244513007148,0.28888888888888886,293.86318064248843
81,34,2,2,98,3.55,0,1,164,554.8869659163038,0.9111111111111111,525.6425907267046
45,20,2,1,80,4.73,2,0,63,192.61977241404605,0.35,316.62722984718823
20,9,2,2,77,3.91,1,0,89,227.796524806166,0.49444444444444446,370.43316433102416
47,22,0,2,11,4.8,0,1,119,416.601648993299,0.6611111111111111,432.5169348892963
33,18,2,0,90,3.61,1,1,146,671.7128294096442,0.8111111111111111,488.39232839174133
78,57,0,2,5,4.82,2,1,127,552.6397714448676,0.7055555555555556,449.072607038169
26,12,0,2,9,3.75,0,0,115,321.37240510655704,0.6388888888888888,424.23909881486003
62,21,0,1,61,4.57,3,0,56,215.4338699200544,0.3111111111111111,302.1410167169247
84,59,1,2,67,4.27,2,1,164,758.9961232252967,0.9111111111111111,525.6425907267046
49,8,2,1,1,4.06,0,1,157,694.4247148756359,0.8722222222222222,511.15637759644113
34,22,1,0,34,3.64,2,0,176,617.3632185255483,0.9777777777777777,550.4760989500136
49,30,0,2,86,3.62,0,1,69,328.63536897966003,0.38333333333333336,329.04398395884266
83,50,0,1,7,3.66,1,1,100,376.3000600585162,0.5555555555555556,393.19721353572396
88,5,2,2,89,3.59,3,0,27,70.20380336705749,0.15,242.12670517726158
90,71,1,0,88,3.84,2,0,167,451.6848649701074,0.9277777777777778,531.8509677825318
65,5,0,2,24,3.54,3,0,119,301.40392677127403,0.6611111111111111,432.5169348892963
73,28,2,2,22,4.57,0,0,53,153.39607111804412,0.29444444444444445,295.93263966109754
85,62,1,2,54,3.78,2,0,114,339.66230419418656,0.6333333333333333,422.169639796251
65,27,0,0,62,3.54,3,1,162,733.4425366578176,0.9,521.5036726894865
74,42,2,0,88,3.5,1,0,77,203.8363809804033,0.42777777777777776,345.59965610771525
41,7,0,0,68,4.3,1,1,66,284.5088586099128,0.36666666666666664,322.83560690301545
79,23,2,0,88,3.88,3,0,164,492.1134583590864,0.9111111111111111,525.6425907267046
53,7,2,2,64,4.55,3,1,10,86.19117981050438,0.05555555555555555,206.94590186090736
35,14,2,2,74,5.0,3,1,175,727.8809447636283,0.9722222222222222,548.4066399314045
53,40,0,0,79,3.66,1,1,30,158.65264164620277,0.16666666666666666,248.3350822330888
36,23,2,2,42,4.66,2,0,14,44.52503661261306,0.07777777777777778,215.22373793534362
38,25,2,1,2,4.24,2,1,128,452.4258268814717,0.7111111111111111,451.14206605677805
52,36,0,2,1,4.52,2,1,36,152.64047921471024,0.2,260.75183634474325
91,64,1,1,26,4.56,2,1,96,420.2245689053783,0.5333333333333333,384.9193774612876
87,5,2,2,59,4.32,3,0,42,151.35930066309265,0.23333333333333334,273.16859045639774
96,20,1,0,88,3.6,1,1,71,242.27196569085137,0.39444444444444443,333.18290199606076
83,59,2,0,8,4.85,2,0,31,119.0485543701777,0.17222222222222222,250.4045412516979
48,23,0,0,0,4.46,0,0,174,472.56954081275165,0.9666666666666667,546.3371809127955
65,19,1,2,24,4.59,1,0,96,334.6493506052282,0.5333333333333333,384.9193774612876
79,29,1,2,0,4.86,2,0,127,406.0855256604135,0.7055555555555556,449.072607038169
100,22,1,2,45,4.23,3,1,141,551.365137615676,0.7833333333333333,478.0450332986959
73,63,1,2,25,4.19,0,0,129,534.0181945871103,0.7166666666666667,453.2115250753871
79,67,0,0,56,4.01,1,1,151,501.2363000548165,0.8388888888888889,498.73962348478676
88,55,0,1,56,4.0,3,1,26,159.60691863182956,0.14444444444444443,240.05724615865248
76,34,1,2,10,4.92,2,0,103,359.8010509571677,0.5722222222222222,399.4055905915512
49,30,1,2,80,3.74,3,0,85,348.6695624527248,0.4722222222222222,362.15532825658784
100,64,0,1,7,4.89,3,1,115,490.5040759704239,0.6388888888888888,424.23909881486003
87,26,0,0,63,4.2,2,1,118,485.683239513509,0.6555555555555556,430.44747587068724
22,5,0,2,93,4.85,1,0,99,424.9275101964327,0.55,391.1277545171149
21,11,0,2,23,3.76,0,0,12,40.442890652890384,0.06666666666666667,211.0848198981255
93,57,1,1,34,4.89,2,1,80,258.424915281181,0.4444444444444444,351.80803316354246
28,15,0,0,90,4.25,3,1,177,511.929390993806,0.9833333333333333,552.5455579686226
97,7,2,2,22,3.74,0,1,147,441.74670095471794,0.8166666666666667,490.4617874103504
48,12,2,2,51,4.63,3,1,32,175.5180543386476,0.17777777777777778,252.47400027030696
70,37,2,2,10,3.65,3,1,168,658.5834276725151,0.9333333333333333,533.9204268011409
78,12,0,2,99,4.3,0,0,95,299.2909931126892,0.5277777777777778,382.84991844267853
25,7,0,1,24,3.85,1,1,144,494.8027992189699,0.8,484.25341035452317
24,9,2,0,6,4.05,0,1,69,223.51901195083727,0.38333333333333336,329.04398395884266
92,37,0,2,7,4.92,2,1,103,434.5710508212173,0.5722222222222222,399.4055905915512
43,33,0,0,16,4.01,2,1,159,630.4284012724294,0.8833333333333333,515.2952956336593
96,23,2,0,8,4.23,2,1,90,445.1254111184949,0.5,372.5026233496332
88,46,0,0,35,4.89,0,1,72,361.98552095653855,0.4,335.2523610146699
83,43,1,1,20,3.59,2,0,63,267.28219711727195,0.35,316.62722984718823
50,29,2,1,2,4.81,2,0,143,518.9547629602604,0.7944444444444444,482.18395133591406
97,75,2,1,15,4.94,0,0,163,575.4934491747886,0.9055555555555556,523.5731317080955
84,24,1,1,39,4.08,0,0,86,349.4432162449335,0.4777777777777778,364.22478727519695
68,40,1,2,58,4.64,2,1,68,279.2349662242834,0.37777777777777777,326.9745249402336
77,30,2,1,99,4.7,1,1,179,689.7483154802385,0.9944444444444445,556.6844760058408
82,67,2,1,13,4.43,0,0,33,88.76294359232648,0.18333333333333332,254.54345928891604
21,8,1,0,37,3.71,1,1,171,621.7963494961118,0.95,540.1288038569681
75,24,0,1,44,3.79,3,1,72,307.621949405299,0.4,335.2523610146699
61,9,2,0,74,3.98,1,1,32,172.41053126646165,0.17777777777777778,252.47400027030696
90,13,1,1,24,3.73,0,0,126,444.2453020895959,0.7,447.00314801955983
100,21,1,1,20,3.52,3,1,163,556.8967118375435,0.9055555555555556,523.5731317080955
93,31,1,0,13,3.58,0,1,101,355.3245754797394,0.5611111111111111,395.266672554333
92,14,2,2,57,3.73,2,1,133,474.99773906008016,0.7388888888888889,461.48936114982337
61,12,0,0,59,4.72,0,1,178,581.9712306098094,0.9888888888888889,554.6150169872317
53,12,1,0,79,3.6,3,1,154,663.4393972369916,0.8555555555555555,504.9480005406139
55,21,2,1,20,3.56,3,1,134,519.469492374694,0.7444444444444445,463.5588201684325
57,45,0,0,78,4.43,0,1,112,397.6919501475396,0.6222222222222222,418.0307217590328
34,8,1,2,51,4.09,0,1,130,388.1122298927073,0.7222222222222222,455.2809840939962
50,11,1,2,19,4.87,2,0,144,591.1000759572743,0.8,484.25341035452317
35,22,0,2,82,3.79,0,0,174,586.7988633141081,0.9666666666666667,546.3371809127955
43,14,1,1,1,3.53,3,1,134,648.9097429236178,0.7444444444444445,463.5588201684325
50,25,1,2,19,4.32,3,0,176,746.3391324597457,0.9777777777777777,550.4760989500136
55,19,2,1,64,4.34,2,1,129,555.0976877626003,0.7166666666666667,453.2115250753871
93,67,2,2,21,4.88,3,1,87,417.91314129159,0.48333333333333334,366.294246293806
94,69,2,2,86,4.12,2,1,18,97.80093621671637,0.1,223.50157400977992
70,60,2,1,57,4.05,0,1,43,193.0891119987856,0.2388888888888889,275.2380494750068
36,25,1,1,61,3.64,3,0,132,492.4640116460618,0.7333333333333333,459.4199021312143
37,9,1,2,73,4.8,2,0,124,408.81562882076287,0.6888888888888889,442.8642299823417
68,46,2,0,8,4.21,0,0,116,364.1617948077249,0.6444444444444445,426.3085578334691
77,15,1,1,47,4.47,2,0,66,228.64349787316,0.36666666666666664,322.83560690301545
27,12,1,2,64,4.7,1,0,149,667.9464280068869,0.8277777777777777,494.60070544756854
90,56,1,2,61,4.38,3,1,91,410.34270896598935,0.5055555555555555,374.57208236824226
46,23,1,1,19,4.92,0,0,169,710.4192641684332,0.9388888888888889,535.98988581975
96,80,2,1,47,3.77,2,0,70,177.20306582722415,0.3888888888888889,331.1134429774517
80,6,0,2,43,4.81,3,0,24,74.32837977574499,0.13333333333333333,235.91832812143434
80,31,1,2,91,4.61,1,1,127,392.3027600530253,0.7055555555555556,449.072607038169
64,25,1,2,85,4.46,0,1,37,168.61019430479575,0.20555555555555555,262.8212953633523
57,42,0,2,36,3.59,0,1,167,587.2581373063812,0.9277777777777778,531.8509677825318
52,7,0,2,57,4.82,3,0,180,563.9803272683639,1.0,558.7539350244498
69,56,2,1,73,4.02,3,1,116,352.3474982568331,0.6444444444444445,426.3085578334691
67,54,1,1,53,3.67,2,0,110,415.3075369486595,0.6111111111111112,413.8918037218147
25,7,0,2,13,4.07,0,1,60,204.215843297379,0.3333333333333333,310.41885279136096
80,35,0,1,29,4.49,3,0,79,319.6520700676685,0.4388888888888889,349.7385741449334
73,6,1,2,5,4.03,3,1,71,362.05333073474793,0.39444444444444443,333.18290199606076
24,6,2,1,65,4.29,0,1,106,387.4755378090192,0.5888888888888889,405.61396764737844
37,14,0,0,18,4.36,1,0,85,348.8532987245396,0.4722222222222222,362.15532825658784
27,6,0,1,74,4.75,0,1,157,732.2985126943609,0.8722222222222222,511.15637759644113
23,11,2,1,11,4.86,0,0,133,343.6721333865543,0.7388888888888889,461.48936114982337
42,8,0,0,12,4.79,2,1,166,599.7162532373392,0.9222222222222223,529.7815087639228
74,39,2,2,11,3.65,2,0,173,484.75453888236336,0.9611111111111111,544.2677218941864
68,30,2,1,28,4.69,3,1,134,581.1514565564086,0.7444444444444445,463.5588201684325
59,9,1,2,30,4.83,0,0,140,603.3651642705413,0.7777777777777778,475.97557428008685
89,75,0,2,76,4.39,1,0,110,369.8546414878244,0.6111111111111112,413.8918037218147
81,35,1,1,45,4.11,3,0,174,708.8801421484817,0.9666666666666667,546.3371809127955
33,8,1,1,74,4.52,2,1,56,205.83755050869485,0.3111111111111111,302.1410167169247
75,28,2,0,49,4.46,3,0,163,684.5607033083106,0.9055555555555556,523.5731317080955
87,48,1,2,95,4.73,2,0,162,453.2541298779704,0.9,521.5036726894865
56,37,1,2,96,3.83,0,1,130,412.5848379812361,0.7222222222222222,455.2809840939962
75,32,2,2,20,3.69,1,1,96,440.4442377359072,0.5333333333333333,384.9193774612876
99,54,0,2,96,3.77,0,1,61,241.6407113776789,0.3388888888888889,312.48831180997007
33,16,0,1,81,4.08,0,1,50,201.2925318937432,0.2777777777777778,289.72426260527027
41,28,0,0,89,4.47,1,1,45,220.05114029296504,0.25,279.3769675122249
55,19,1,2,74,3.51,2,0,173,702.9134159653358,0.9611111111111111,544.2677218941864
93,51,0,2,12,4.98,2,1,90,431.42166025583447,0.5,372.5026233496332
54,35,2,2,11,4.49,0,1,96,466.8626810645626,0.5333333333333333,384.9193774612876
34,20,2,0,21,4.15,2,1,158,445.1263611668488,0.8777777777777778,513.2258366150502
86,18,1,2,61,4.3,0,1,126,441.6378571357946,0.7,447.00314801955983
85,27,1,0,8,4.11,3,1,157,669.5210116683382,0.8722222222222222,511.15637759644113
74,5,1,1,80,3.63,3,0,134,354.3852115042604,0.7444444444444445,463.5588201684325
63,53,0,0,33,4.33,0,0,175,489.7125242986789,0.9722222222222222,548.4066399314045
55,13,1,2,45,3.71,2,1,40,222.56858200356248,0.2222222222222222,269.0296724191795
100,66,1,0,27,3.53,1,1,106,412.2556067980849,0.5888888888888889,405.61396764737844
51,27,2,0,86,3.82,1,1,152,472.21573527678265,0.8444444444444444,500.8090825033958
37,10,2,2,33,4.86,0,0,44,179.93988033973832,0.24444444444444444,277.30750849361584
99,71,1,0,3,4.63,2,1,100,308.9111533232364,0.5555555555555556,393.19721353572396
54,24,0,2,85,3.79,1,0,102,306.3142432341152,0.5666666666666667,397.33613157294207
30,7,0,0,57,4.27,2,1,69,224.46487829301583,0.38333333333333336,329.04398395884266
84,56,2,2,71,4.56,1,1,15,101.07378646994935,0.08333333333333333,217.29319695395267
49,14,1,2,55,4.43,2,1,131,633.4966221375331,0.7277777777777777,457.35044311260526
86,10,2,2,98,4.8,2,0,18,62.87509273644356,0.1,223.50157400977992
48,24,0,0,17,3.98,0,0,29,92.03104706108972,0.16111111111111112,246.26562321447972
67,18,2,2,78,3.81,2,1,22,106.7358926414302,0.12222222222222222,231.77941008421624
100,16,0,0,96,3.65,3,1,163,560.6703257140985,0.9055555555555556,523.5731317080955
79,7,0,2,31,4.82,3,0,100,322.9000694955284,0.5555555555555556,393.19721353572396
99,9,0,2,33,4.98,0,0,110,292.33936093553586,0.6111111111111112,413.8918037218147
34,24,2,2,3,4.41,2,0,97,242.7517170048808,0.5388888888888889,386.9888364798967
54,21,2,2,23,4.44,1,1,136,442.7796305981407,0.7555555555555555,467.6977382056506
77,43,1,1,73,4.07,0,1,131,505.54671645728143,0.7277777777777777,457.35044311260526
80,21,2,1,85,4.21,2,1,146,474.9171617926677,0.8111111111111111,488.39232839174133
74,54,2,1,16,4.35,0,1,147,617.434678434942,0.8166666666666667,490.4617874103504
57,38,2,1,31,3.97,2,1,64,294.8553699465021,0.35555555555555557,318.69668886579734
97,66,2,2,90,3.6,1,1,150,717.467322019467,0.8333333333333334,496.67016446617765
52,14,1,0,97,4.83,1,1,66,266.9772170141728,0.36666666666666664,322.83560690301545
51,37,0,1,34,4.64,0,0,100,383.3711770715268,0.5555555555555556,393.19721353572396
87,52,2,0,15,3.57,3,0,66,266.4336179135411,0.36666666666666664,322.83560690301545
91,42,1,2,76,4.96,2,0,86,336.39439243010713,0.4777777777777778,364.22478727519695
85,34,0,1,66,4.59,2,1,163,764.8593556145701,0.9055555555555556,523.5731317080955
57,21,0,2,28,4.93,3,0,141,588.6941797749441,0.7833333333333333,478.0450332986959
28,8,2,1,67,3.78,0,1,58,305.2426676647312,0.32222222222222224,306.27993475414286
58,30,2,1,32,4.14,3,0,75,256.37380365626416,0.4166666666666667,341.46073807049714
31,9,0,0,18,4.42,2,1,114,461.0193485856391,0.6333333333333333,422.169639796251
27,11,1,0,88,4.5,1,1,144,581.7472844259253,0.8,484.25341035452317
90,75,2,0,88,4.1,0,0,106,472.5465909334413,0.5888888888888889,405.61396764737844
54,8,1,1,41,3.89,2,0,168,573.4835718398938,0.9333333333333333,533.9204268011409
23,9,1,2,50,3.84,1,1,34,192.3850221961644,0.18888888888888888,256.6129183075251
94,64,2,1,62,4.87,3,0,166,744.0359811402852,0.9222222222222223,529.7815087639228
86,20,1,2,51,3.75,2,1,110,412.25746306035046,0.6111111111111112,413.8918037218147
79,55,1,1,91,4.39,2,0,48,189.5605649707772,0.26666666666666666,285.5853445680521
73,13,2,1,93,3.95,3,0,90,357.0434721850994,0.5,372.5026233496332
74,23,2,1,45,4.07,2,1,99,417.1740953777763,0.55,391.1277545171149
26,11,2,0,10,4.22,2,1,69,314.84471031916905,0.38333333333333336,329.04398395884266
99,30,2,1,74,4.21,2,1,160,629.9546011362719,0.8888888888888888,517.3647546522683
80,42,2,0,85,4.22,3,0,131,473.5617540035448,0.7277777777777777,457.35044311260526
78,35,0,1,5,4.35,1,1,100,317.88095784682014,0.5555555555555556,393.19721353572396
63,6,2,0,29,4.79,1,1,24,132.49921949173307,0.13333333333333333,235.91832812143434
25,8,0,1,30,4.44,3,0,115,430.7858509781543,0.6388888888888888,424.23909881486003
100,50,2,1,20,4.14,1,0,127,350.2265835541767,0.7055555555555556,449.072607038169
46,8,2,2,32,4.81,0,0,112,466.42747932165264,0.6222222222222222,418.0307217590328
59,29,2,1,90,4.3,3,0,145,651.7303890276737,0.8055555555555556,486.3228693731323
21,11,0,0,18,4.2,2,1,49,266.34807324582846,0.2722222222222222,287.65480358666116
64,7,0,2,48,4.67,1,0,64,266.38537677090085,0.35555555555555557,318.69668886579734
52,22,1,0,72,3.6,2,1,101,303.803226426852,0.5611111111111111,395.266672554333
100,56,1,2,67,4.2,1,0,169,461.9661913503604,0.9388888888888889,535.98988581975
83,72,0,1,25,4.62,3,1,45,201.0575405594342,0.25,279.3769675122249
89,10,0,2,36,4.12,0,1,13,94.21444738997974,0.07222222222222222,213.15427891673454
100,37,0,2,47,4.7,0,0,142,546.8574476673242,0.7888888888888889,480.11449231730495
71,7,2,0,31,4.83,2,1,60,292.74683013160404,0.3333333333333333,310.41885279136096
94,26,1,1,0,3.94,0,1,40,150.90603765991335,0.2222222222222222,269.0296724191795
52,23,2,1,41,4.23,1,0,134,534.90663340905,0.7444444444444445,463.5588201684325
27,15,2,2,31,4.95,0,0,103,315.2654030422818,0.5722222222222222,399.4055905915512
88,62,2,1,62,4.82,0,0,162,601.2360266422271,0.9,521.5036726894865
48,38,1,2,64,4.97,3,1,152,701.4695729515377,0.8444444444444444,500.8090825033958
53,35,1,1,1,3.67,2,1,88,392.0078846224547,0.4888888888888889,368.3637053124151
31,12,1,0,34,4.7,3,0,105,331.8375249153692,0.5833333333333334,403.5445086287694
56,34,1,2,1,4.56,0,0,121,307.5259290756184,0.6722222222222223,436.6558529265145
48,35,0,0,47,4.26,2,0,26,68.27174499943663,0.14444444444444443,240.05724615865248
93,66,1,2,22,3.91,3,0,180,765.4397485645513,1.0,558.7539350244498
49,18,0,2,62,4.92,0,0,62,168.36628924698925,0.34444444444444444,314.5577708285792
72,33,0,0,63,4.25,1,0,132,351.7736189685264,0.7333333333333333,459.4199021312143
62,11,1,0,37,4.23,2,1,71,363.3457529659053,0.39444444444444443,333.18290199606076
39,15,1,1,53,4.6,1,1,38,201.7146762833217,0.2111111111111111,264.8907543819614
67,56,2,0,49,4.22,0,1,23,121.43999901863724,0.12777777777777777,233.8488691028253
88,15,2,1,39,4.51,0,0,137,598.7750233051204,0.7611111111111111,469.76719722425963
29,16,2,2,75,4.11,2,1,80,371.1242881043308,0.4444444444444444,351.80803316354246
100,24,2,2,88,4.49,3,0,56,173.66696747925593,0.3111111111111111,302.1410167169247
98,43,1,0,62,4.98,2,0,130,538.5185280064754,0.7222222222222222,455.2809840939962
35,10,0,0,40,3.54,3,0,75,281.9625670059949,0.4166666666666667,341.46073807049714
58,14,0,0,10,3.77,2,0,95,258.01445968829404,0.5277777777777778,382.84991844267853
22,7,2,0,53,4.43,2,1,98,476.2019961536034,0.5444444444444444,389.05829549850574
84,37,1,1,94,3.83,3,0,28,124.64550323605349,0.15555555555555556,244.19616419587067
91,14,1,2,19,4.78,3,1,19,111.11271494112724,0.10555555555555556,225.57103302838902
56,29,2,0,67,4.49,0,0,125,421.8171879075184,0.6944444444444444,444.9336890009508
97,21,0,1,36,3.72,1,1,23,134.0510144913575,0.12777777777777777,233.8488691028253
57,47,2,0,26,3.8,2,0,30,132.4032477391118,0.16666666666666666,248.3350822330888
94,27,1,2,100,3.6,3,1,172,547.9814624298182,0.9555555555555556,542.1982628755773
84,6,1,0,24,3.74,2,0,68,281.96824577029594,0.37777777777777777,326.9745249402336
40,11,0,2,1,4.24,3,1,35,182.46632143825187,0.19444444444444445,258.68237732613414
65,36,1,2,20,4.39,3,1,87,313.7742265682814,0.48333333333333334,366.294246293806
35,22,2,2,28,4.88,0,1,116,422.8866610257602,0.6444444444444445,426.3085578334691
40,30,2,1,67,4.03,1,1,143,529.6967147126813,0.7944444444444444,482.18395133591406
61,45,2,2,6,4.99,1,0,10,25.993449448411635,0.05555555555555555,206.94590186090736
50,14,2,0,98,3.52,3,1,109,351.5699575243088,0.6055555555555555,411.82234470320566
98,25,1,2,30,4.76,0,0,60,154.68715967826247,0.3333333333333333,310.41885279136096
54,37,1,1,41,4.69,0,1,16,106.59208227583191,0.08888888888888889,219.36265597256178
37,13,0,1,31,4.66,0,0,35,132.1665679180113,0.19444444444444445,258.68237732613414
78,41,2,2,12,4.99,0,0,22,76.224961221763,0.12222222222222222,231.77941008421624
84,21,0,0,88,3.5,0,0,146,598.9400399823005,0.8111111111111111,488.39232839174133
44,32,1,2,51,4.2,0,1,168,563.1508995670627,0.9333333333333333,533.9204268011409
25,11,2,2,92,3.91,3,0,115,310.1546162756803,0.6388888888888888,424.23909881486003
38,13,2,0,38,4.46,1,1,28,145.13756861567325,0.15555555555555556,244.19616419587067
85,25,2,2,21,4.03,2,0,73,323.5576857599395,0.40555555555555556,337.321820033279
31,13,1,0,87,4.04,1,0,11,31.5656761621252,0.06111111111111111,209.0153608795164
67,6,0,1,25,4.45,1,1,31,144.46263762346956,0.17222222222222222,250.4045412516979
77,11,0,2,70,3.82,3,1,63,252.4930471020809,0.35,316.62722984718823
32,11,1,2,30,3.53,0,1,32,146.51277441611944,0.17777777777777778,252.47400027030696
71,30,0,1,60,4.83,1,1,156,501.801349985356,0.8666666666666667,509.0869185778321
65,38,2,1,13,4.77,2,1,132,610.7325514755008,0.7333333333333333,459.4199021312143
64,29,2,2,66,3.79,3,1,37,194.2623993646844,0.20555555555555555,262.8212953633523
48,38,2,2,45,4.17,0,0,87,318.2101259853132,0.48333333333333334,366.294246293806
76,42,0,0,95,3.93,2,0,180,512.6251102173163,1.0,558.7539350244498
76,53,2,1,77,3.67,0,1,179,555.8919187631545,0.9944444444444445,556.6844760058408
71,14,1,2,8,4.44,3,0,76,242.1588607696964,0.4222222222222222,343.5301970891062
76,9,2,2,64,4.16,1,0,10,41.40499127744981,0.05555555555555555,206.94590186090736
51,14,0,0,16,3.51,3,1,30,180.88655372559683,0.16666666666666666,248.3350822330888
88,38,0,0,29,3.73,1,1,167,537.8971058809161,0.9277777777777778,531.8509677825318
60,24,0,0,5,3.79,0,1,154,556.6629286327259,0.8555555555555555,504.9480005406139
73,55,0,1,55,4.2,0,0,52,158.5563431447304,0.28888888888888886,293.86318064248843
23,10,2,2,80,3.88,0,0,22,59.4454065021933,0.12222222222222222,231.77941008421624
74,27,1,2,51,3.75,2,1,111,334.1449975015087,0.6166666666666667,415.96126274042376
49,6,1,0,18,4.41,3,1,148,443.7750198288772,0.8222222222222222,492.53124642895943
31,8,0,0,7,3.57,3,0,35,145.24203735141535,0.19444444444444445,258.68237732613414
57,46,0,1,42,4.39,2,0,56,210.6317666138125,0.3111111111111111,302.1410167169247
64,19,1,1,35,4.02,0,0,39,152.22919256822726,0.21666666666666667,266.96021340057047
86,76,1,1,84,4.99,3,0,149,612.446726848697,0.8277777777777777,494.60070544756854
54,28,1,1,73,3.56,2,1,51,250.28588237277447,0.2833333333333333,291.7937216238793
85,37,0,0,10,3.76,3,1,61,309.08254473187293,0.3388888888888889,312.48831180997007
58,15,0,1,14,4.76,3,1,12,94.1609176991503,0.06666666666666667,211.0848198981255
96,27,0,0,21,4.37,3,1,57,243.93730652889337,0.31666666666666665,304.2104757355338
58,31,1,2,32,4.87,1,1,85,331.19305388667465,0.4722222222222222,362.15532825658784
77,45,1,2,88,4.16,2,0,151,595.2312211886215,0.8388888888888889,498.73962348478676
93,73,0,1,78,3.81,3,1,106,465.962681649944,0.5888888888888889,405.61396764737844
44,11,0,1,56,3.83,0,1,18,104.75201005936664,0.1,223.50157400977992
20,10,0,1,54,4.12,2,1,168,784.0551260339382,0.9333333333333333,533.9204268011409
70,40,1,1,9,3.77,1,0,130,382.9299378688001,0.7222222222222222,455.2809840939962
42,12,0,0,92,4.5,0,0,123,319.2967130915861,0.6833333333333333,440.7947709637326
87,33,0,1,53,4.15,1,0,143,640.1373391067773,0.7944444444444444,482.18395133591406
70,43,1,0,47,4.31,2,0,57,243.4933853851045,0.31666666666666665,304.2104757355338
61,15,2,0,29,4.49,0,0,32,135.005874109167,0.17777777777777778,252.47400027030696
71,36,1,2,69,4.37,2,0,110,392.9639432866157,0.6111111111111112,413.8918037218147
81,33,1,1,41,4.93,0,1,162,617.2885000560723,0.9,521.5036726894865
87,64,0,2,69,4.55,1,1,65,310.7883994951958,0.3611111111111111,320.7661478844064
85,65,1,1,73,4.65,0,1,165,770.0708908209459,0.9166666666666666,527.7120497453136
91,65,2,1,40,3.58,1,0,141,373.50470759834695,0.7833333333333333,478.0450332986959
83,57,0,2,80,4.6,3,1,172,814.4195559447121,0.9555555555555556,542.1982628755773
64,10,1,0,75,3.61,2,1,155,473.34669329802574,0.8611111111111112,507.017459559223
69,22,0,2,25,4.41,3,1,74,266.76777889406367,0.4111111111111111,339.39127905188803
37,12,0,2,15,3.73,1,0,142,369.36165888010754,0.7888888888888889,480.11449231730495
93,28,2,2,63,3.9,1,0,38,111.72394123957052,0.2111111111111111,264.8907543819614
66,49,0,0,42,4.56,0,0,124,429.94835612457183,0.6888888888888889,442.8642299823417
47,36,0,2,100,4.2,2,0,103,414.77830030238334,0.5722222222222222,399.4055905915512
71,30,0,1,45,4.16,1,1,53,227.1825700126456,0.29444444444444445,295.93263966109754
58,19,2,2,47,3.97,1,0,77,247.4420018201041,0.42777777777777776,345.59965610771525
100,18,1,2,50,4.89,2,1,51,213.8232968736634,0.2833333333333333,291.7937216238793
94,28,2,1,59,4.45,3,0,173,652.5878909594384,0.9611111111111111,544.2677218941864
49,6,0,2,23,4.65,3,1,69,289.6463054085282,0.38333333333333336,329.04398395884266
42,7,0,0,90,3.67,1,0,32,123.762469326047,0.17777777777777778,252.47400027030696
79,63,2,0,56,4.66,1,1,70,292.5906288976858,0.3888888888888889,331.1134429774517
59,5,0,0,17,4.97,1,1,143,440.93951077757487,0.7944444444444444,482.18395133591406
54,7,2,1,91,3.75,3,0,97,298.3226183929867,0.5388888888888889,386.9888364798967
60,6,0,2,65,4.76,2,0,168,629.2044295696749,0.9333333333333333,533.9204268011409
26,13,1,2,4,3.63,3,1,123,441.99619244539696,0.6833333333333333,440.7947709637326
90,10,0,2,59,4.44,2,1,147,691.5012905566776,0.8166666666666667,490.4617874103504
34,12,1,2,38,4.18,0,0,24,106.94859059241988,0.13333333333333333,235.91832812143434
80,34,1,2,84,3.8,3,0,174,561.4385219871201,0.9666666666666667,546.3371809127955
21,7,0,1,58,4.31,2,1,75,328.45835687553256,0.4166666666666667,341.46073807049714
97,71,1,2,52,4.32,1,0,36,133.38738314122594,0.2,260.75183634474325
64,7,1,1,92,4.58,1,1,16,114.6992021313152,0.08888888888888889,219.36265597256178
47,34,0,0,16,4.38,1,1,46,237.14338896943252,0.25555555555555554,281.44642653083395
44,28,0,0,30,3.93,1,1,42,157.10657171647188,0.23333333333333334,273.16859045639774
21,9,1,0,13,4.01,1,0,127,431.251597706785,0.7055555555555556,449.072607038169
57,37,2,0,59,3.92,1,0,159,585.8075881778408,0.8833333333333333,515.2952956336593
62,5,0,2,51,4.4,0,0,160,647.204374917644,0.8888888888888888,517.3647546522683
25,6,2,0,60,3.91,1,1,145,559.578839787104,0.8055555555555556,486.3228693731323
92,33,1,2,70,3.69,1,1,46,173.1505322724627,0.25555555555555554,281.44642653083395
38,7,0,0,46,3.79,3,0,78,198.1704675081237,0.43333333333333335,347.66911512632436
99,31,2,2,0,3.54,2,0,50,192.7088692483722,0.2777777777777778,289.72426260527027
35,7,0,1,65,4.19,3,0,65,165.0758241756551,0.3611111111111111,320.7661478844064
30,13,2,0,53,3.68,3,1,124,379.4680328899806,0.6888888888888889,442.8642299823417
28,6,2,0,53,4.48,3,1,148,461.10955384851616,0.8222222222222222,492.53124642895943
59,47,0,2,73,3.54,3,0,75,234.5672445982206,0.4166666666666667,341.46073807049714
24,13,2,2,50,4.26,3,1,141,540.0620306756346,0.7833333333333333,478.0450332986959
21,6,1,1,15,3.81,1,1,80,318.8415033130425,0.4444444444444444,351.80803316354246
84,54,1,2,59,4.98,0,1,43,196.31514152174805,0.2388888888888889,275.2380494750068
100,50,2,2,83,4.91,2,1,173,622.4914304114809,0.9611111111111111,544.2677218941864
30,11,2,2,99,4.96,1,0,83,349.6745279402746,0.46111111111111114,358.01641021936973
45,35,0,1,0,4.58,0,1,41,206.1473318707726,0.22777777777777777,271.0991314377886
53,35,2,0,35,3.92,0,1,166,635.9330544824535,0.9222222222222223,529.7815087639228
65,41,0,0,51,3.57,3,1,48,251.1121418065252,0.26666666666666666,285.5853445680521
93,6,0,2,85,4.47,3,0,107,324.098767437868,0.5944444444444444,407.6834266659875
28,5,0,1,69,4.49,2,1,132,425.4887347951667,0.7333333333333333,459.4199021312143
38,8,2,2,78,3.57,3,0,114,470.2690237026412,0.6333333333333333,422.169639796251
25,6,2,1,69,4.45,1,1,94,398.051725971793,0.5222222222222223,380.7804594240695
76,23,0,1,64,3.57,3,1,115,564.9317250247195,0.6388888888888888,424.23909881486003
22,7,1,0,73,4.91,2,1,73,238.31899146487595,0.40555555555555556,337.321820033279
40,5,0,2,17,4.55,0,0,72,184.9552256292673,0.4,335.2523610146699
89,16,1,1,27,4.86,0,0,161,624.305615960136,0.8944444444444445,519.4342136708774
31,21,1,2,77,4.83,0,0,107,389.3845083155804,0.5944444444444444,407.6834266659875
92,45,0,2,59,4.23,2,1,121,574.8939389332888,0.6722222222222223,436.6558529265145
58,32,2,0,92,4.59,0,1,111,517.9444619823878,0.6166666666666667,415.96126274042376
58,20,0,2,42,3.51,1,0,125,527.1792011771714,0.6944444444444444,444.9336890009508
36,7,1,1,26,4.35,2,0,59,201.49683080394212,0.3277777777777778,308.3493937727519
66,40,0,1,93,4.86,1,0,153,627.0167510146084,0.85,502.87854152200487
76,54,2,1,58,4.05,1,0,74,218.6251778894482,0.4111111111111111,339.39127905188803
55,23,2,0,46,4.58,0,1,150,654.676536309137,0.8333333333333334,496.67016446617765
21,8,2,1,57,4.78,3,1,84,293.5602166445157,0.4666666666666667,360.0858692379788
61,45,0,0,42,4.25,0,0,102,421.98526198279467,0.5666666666666667,397.33613157294207
72,62,1,1,48,3.82,1,0,126,553.7408048680613,0.7,447.00314801955983
65,18,0,0,65,4.01,2,0,111,330.62430999065225,0.6166666666666667,415.96126274042376
20,8,0,2,27,4.99,2,0,83,261.4451502998812,0.46111111111111114,358.01641021936973
22,7,1,2,16,4.1,3,0,147,520.0637873298249,0.8166666666666667,490.4617874103504
72,49,1,0,15,4.34,3,1,19,117.63327810103034,0.10555555555555556,225.57103302838902
42,30,2,1,26,4.79,0,0,138,493.0149508584995,0.7666666666666667,471.8366562428687
100,54,1,1,91,4.59,3,1,61,203.1132957396489,0.3388888888888889,312.48831180997007
87,32,1,2,38,4.76,0,0,114,421.7762985074602,0.6333333333333333,422.169639796251
36,8,2,0,47,4.07,0,0,77,305.0088858607341,0.42777777777777776,345.59965610771525
70,38,2,2,99,4.19,2,0,76,317.77188818101894,0.4222222222222222,343.5301970891062
41,7,2,0,4,4.15,3,0,83,364.9140560714328,0.46111111111111114,358.01641021936973
59,40,0,0,64,4.72,3,0,157,398.3194964103068,0.8722222222222222,511.15637759644113
33,14,2,1,38,4.89,2,0,127,461.3060120664082,0.7055555555555556,449.072607038169
70,26,2,2,15,3.67,3,1,70,358.2348071386952,0.3888888888888889,331.1134429774517
45,7,0,1,87,4.35,1,0,74,224.3071067625652,0.4111111111111111,339.39127905188803
98,71,1,1,83,4.55,2,0,139,558.3815496134125,0.7722222222222223,473.9061152614778
75,63,2,0,42,4.55,1,1,138,660.4425622593634,0.7666666666666667,471.8366562428687
100,34,0,0,33,4.75,3,0,156,537.4486716625657,0.8666666666666667,509.0869185778321
76,23,2,2,53,3.94,1,0,117,480.104370355134,0.65,428.37801685207813
32,12,2,2,69,3.68,2,0,55,162.28310451017555,0.3055555555555556,300.07155769831564
35,23,1,0,58,3.78,0,0,164,638.0445145215127,0.9111111111111111,525.6425907267046
30,16,1,0,89,3.63,0,0,142,420.1110979571745,0.7888888888888889,480.11449231730495
75,56,2,1,66,3.69,1,1,22,124.49060049402551,0.12222222222222222,231.77941008421624
25,6,0,1,23,3.95,2,1,55,235.27811761739352,0.3055555555555556,300.07155769831564
88,16,1,0,26,4.18,2,0,32,127.33149010162909,0.17777777777777778,252.47400027030696
43,26,0,2,69,4.9,1,0,107,391.0269903920518,0.5944444444444444,407.6834266659875
39,20,0,2,97,4.25,2,0,121,319.5430197104816,0.6722222222222223,436.6558529265145
77,63,1,0,72,4.56,2,0,113,380.2853707615285,0.6277777777777778,420.10018077764187
41,14,1,2,59,4.72,2,1,49,179.62342246641472,0.2722222222222222,287.65480358666116
51,20,0,2,97,4.8,2,0,130,452.112640122952,0.7222222222222222,455.2809840939962
30,10,1,0,86,4.95,1,0,149,565.6691466337952,0.8277777777777777,494.60070544756854
29,8,2,0,52,4.68,0,1,121,402.1558775823215,0.6722222222222223,436.6558529265145
21,5,0,0,8,4.44,0,1,159,689.8421599513094,0.8833333333333333,515.2952956336593
50,15,1,1,62,4.51,3,0,83,307.6469280930268,0.46111111111111114,358.01641021936973
61,42,0,0,11,3.72,3,0,52,186.5262770863605,0.28888888888888886,293.86318064248843
67,5,1,2,81,4.53,2,1,14,91.06777716361007,0.07777777777777778,215.22373793534362
73,22,1,1,26,4.99,3,0,33,143.8549860520897,0.18333333333333332,254.54345928891604
35,18,2,0,27,3.82,2,0,158,553.837359075948,0.8777777777777778,513.2258366150502
96,58,2,2,25,3.61,2,0,85,336.56848365859423,0.4722222222222222,362.15532825658784
38,28,2,0,8,4.83,2,0,29,95.02020685904614,0.16111111111111112,246.26562321447972
75,28,2,0,6,4.02,1,1,171,575.0117219060105,0.95,540.1288038569681
57,26,1,2,92,4.11,0,1,58,264.675747588135,0.32222222222222224,306.27993475414286
36,10,0,0,65,3.54,3,0,53,185.61792391524813,0.29444444444444445,295.93263966109754
73,27,0,0,98,3.97,1,0,57,251.1556502722435,0.31666666666666665,304.2104757355338
68,29,0,0,51,3.99,1,0,110,299.689056274687,0.6111111111111112,413.8918037218147
25,9,0,0,11,3.58,3,0,31,92.65681121424488,0.17222222222222222,250.4045412516979
97,25,2,1,95,4.91,3,1,101,332.2293764400841,0.5611111111111111,395.266672554333
30,7,0,1,85,3.74,1,0,44,184.11208970364285,0.24444444444444444,277.30750849361584
83,7,1,0,24,4.9,2,1,24,124.5817744544144,0.13333333333333333,235.91832812143434
27,5,0,0,2,4.3,1,0,22,60.98181721983856,0.12222222222222222,231.77941008421624
58,21,1,0,72,4.14,0,0,10,35.88598786056829,0.05555555555555555,206.94590186090736
32,15,2,0,67,3.76,1,1,23,132.12301879164062,0.12777777777777777,233.8488691028253
76,8,2,0,40,4.68,0,0,157,561.5796822292014,0.8722222222222222,511.15637759644113
21,9,1,1,38,4.54,2,0,179,546.3787898746884,0.9944444444444445,556.6844760058408
47,37,2,0,53,4.69,3,0,41,147.4597413359118,0.22777777777777777,271.0991314377886
33,20,1,1,97,4.13,2,1,169,668.8922140357987,0.9388888888888889,535.98988581975
92,66,0,2,26,3.56,1,0,19,62.06928479024478,0.10555555555555556,225.57103302838902
24,7,0,2,34,3.51,0,1,111,477.7411361723483,0.6166666666666667,415.96126274042376
75,9,0,0,71,4.06,3,0,150,411.0057654245888,0.8333333333333334,496.67016446617765
89,76,2,0,35,4.8,3,1,177,650.2985711974341,0.9833333333333333,552.5455579686226
67,20,2,1,42,4.13,1,0,68,243.22861759627588,0.37777777777777777,326.9745249402336
61,23,1,2,51,4.73,1,1,150,680.9330686248741,0.8333333333333334,496.67016446617765
80,67,0,1,80,4.74,3,0,147,432.30725774113824,0.8166666666666667,490.4617874103504
66,15,1,0,62,4.59,3,0,161,720.729944900258,0.8944444444444445,519.4342136708774
39,12,1,1,54,3.77,2,1,176,510.4543750320455,0.9777777777777777,550.4760989500136
46,22,2,1,9,4.33,2,0,128,522.7974318549136,0.7111111111111111,451.14206605677805
89,74,0,2,41,4.89,2,1,115,432.16279228896633,0.6388888888888888,424.23909881486003
60,16,2,0,56,4.33,3,1,126,382.4570671338528,0.7,447.00314801955983
58,13,0,1,99,3.62,2,1,106,351.43931589566165,0.5888888888888889,405.61396764737844
68,16,2,2,93,4.44,2,1,154,510.19578633034166,0.8555555555555555,504.9480005406139
45,19,1,2,71,3.72,3,0,121,313.92644056486665,0.6722222222222223,436.6558529265145
91,61,1,0,100,4.88,3,0,101,372.2298219510593,0.5611111111111111,395.266672554333
39,12,2,1,70,4.02,2,1,66,314.46800852423786,0.36666666666666664,322.83560690301545
97,9,0,0,58,4.32,1,1,142,491.5779538643877,0.7888888888888889,480.11449231730495
42,18,1,2,39,3.94,0,0,128,527.1558943563921,0.7111111111111111,451.14206605677805
27,15,2,0,11,3.77,1,0,111,432.849396942834,0.6166666666666667,415.96126274042376
67,48,0,1,94,4.3,1,1,168,544.6027807887253,0.9333333333333333,533.9204268011409
69,51,2,1,75,3.57,3,1,136,470.18271352951473,0.7555555555555555,467.6977382056506
69,47,2,1,65,4.22,3,0,18,53.5391040086766,0.1,223.50157400977992
93,18,1,0,34,3.54,0,0,80,352.0685727015968,0.4444444444444444,351.80803316354246
84,74,1,1,7,4.4,0,1,101,396.3698341114785,0.5611111111111111,395.266672554333
96,48,2,0,41,4.39,2,0,130,367.7829980600229,0.7222222222222222,455.2809840939962
30,13,1,0,72,4.18,3,1,113,352.9356730761453,0.6277777777777778,420.10018077764187
60,48,1,1,15,4.06,2,0,78,339.1055825696459,0.43333333333333335,347.66911512632436
72,39,2,1,39,3.77,3,1,115,347.8959667426787,0.6388888888888888,424.23909881486003
31,13,1,1,82,4.63,2,0,108,469.2509135918648,0.6,409.75288568459655
71,13,0,2,60,4.3,3,1,62,213.8430201203033,0.34444444444444444,314.5577708285792
91,61,0,2,86,4.44,2,1,129,567.5392184514062,0.7166666666666667,453.2115250753871
91,60,0,0,2,3.53,1,1,107,492.179013222281,0.5944444444444444,407.6834266659875
32,6,2,2,13,4.75,0,0,53,173.88747446193491,0.29444444444444445,295.93263966109754
23,10,1,0,47,4.84,1,0,125,418.10682439062094,0.6944444444444444,444.9336890009508
61,47,1,2,100,4.58,3,1,157,658.3040013013618,0.8722222222222222,511.15637759644113
57,40,2,1,78,3.62,0,0,171,764.5953413909641,0.95,540.1288038569681
89,70,1,0,86,4.51,0,0,90,384.2092919756728,0.5,372.5026233496332
64,45,0,0,22,3.96,3,1,118,404.6018875393623,0.6555555555555556,430.44747587068724
91,29,2,1,82,3.73,0,1,90,446.81702579708536,0.5,372.5026233496332
91,53,1,0,67,4.56,3,0,50,158.1067231747087,0.2777777777777778,289.72426260527027
69,37,1,1,47,4.39,1,1,60,284.2362895344896,0.3333333333333333,310.41885279136096
71,61,1,1,79,3.85,0,0,147,591.2989763287625,0.8166666666666667,490.4617874103504
38,7,0,2,28,3.85,1,0,12,36.00027803358747,0.06666666666666667,211.0848198981255
100,32,1,1,67,3.94,1,1,162,581.1370845965885,0.9,521.5036726894865
65,51,1,0,97,4.81,3,1,144,588.1367698544636,0.8,484.25341035452317
73,38,2,1,91,4.23,1,1,86,400.2673330229722,0.4777777777777778,364.22478727519695
56,25,1,1,87,3.73,1,1,172,575.4102708388258,0.9555555555555556,542.1982628755773
75,55,0,2,80,4.7,2,0,69,190.9788526811355,0.38333333333333336,329.04398395884266
97,21,2,1,43,3.79,0,1,106,398.1593839328215,0.5888888888888889,405.61396764737844
94,71,0,1,48,4.73,3,1,169,770.8733244527833,0.9388888888888889,535.98988581975
53,22,2,2,28,4.99,0,1,64,211.0820229741896,0.35555555555555557,318.69668886579734
81,8,0,2,78,4.8,0,1,141,618.4288567281086,0.7833333333333333,478.0450332986959
47,34,0,2,87,3.53,2,1,170,739.2271199769044,0.9444444444444444,538.059344838359
80,48,1,1,13,4.44,3,0,35,128.7410738814351,0.19444444444444445,258.68237732613414
75,55,0,0,54,4.73,3,1,145,584.4917299915722,0.8055555555555556,486.3228693731323
89,12,2,2,42,4.73,0,0,102,328.31398217312767,0.5666666666666667,397.33613157294207
30,13,0,0,8,4.1,0,0,94,274.6803754439265,0.5222222222222223,380.7804594240695
64,5,0,0,91,4.34,1,1,21,108.2430435427408,0.11666666666666667,229.70995106560716
55,29,1,0,92,4.85,2,0,44,181.78093960037765,0.24444444444444444,277.30750849361584
94,76,1,0,26,4.7,2,1,94,405.317954516569,0.5222222222222223,380.7804594240695
53,28,2,0,6,3.67,1,0,178,775.7916851510323,0.9888888888888889,554.6150169872317
29,7,1,1,68,3.98,2,0,114,289.1296809487768,0.6333333333333333,422.169639796251
29,17,2,2,76,3.61,2,0,166,674.132847635612,0.9222222222222223,529.7815087639228
75,42,1,2,38,4.25,0,0,146,479.11995337350106,0.8111111111111111,488.39232839174133
74,53,1,1,60,3.93,3,0,162,676.4404324115253,0.9,521.5036726894865
89,75,2,2,10,4.91,1,0,16,54.44953818628992,0.08888888888888889,219.36265597256178
29,13,1,0,44,4.29,1,1,87,267.7404170012178,0.48333333333333334,366.294246293806
40,20,0,2,45,4.42,1,1,130,445.4842486108808,0.7222222222222222,455.2809840939962
79,11,2,1,1,4.35,3,1,45,210.25675967194184,0.25,279.3769675122249
98,87,2,0,87,4.28,0,1,170,603.8458024755097,0.9444444444444444,538.059344838359
95,76,2,1,74,4.39,3,0,118,464.9915827255092,0.6555555555555556,430.44747587068724
79,13,0,0,67,4.05,1,1,151,514.9363491532515,0.8388888888888889,498.73962348478676
38,22,1,1,18,4.17,3,1,121,450.5387531372676,0.6722222222222223,436.6558529265145
83,41,1,2,48,3.64,1,0,176,741.3443926126964,0.9777777777777777,550.4760989500136
59,24,1,1,40,4.0,0,1,147,631.6312970255759,0.8166666666666667,490.4617874103504
51,11,1,1,72,3.62,0,0,16,71.21364105240121,0.08888888888888889,219.36265597256178
64,46,0,2,51,5.0,1,1,29,144.60138253530263,0.16111111111111112,246.26562321447972
30,6,0,1,93,3.81,1,0,129,505.92196882791006,0.7166666666666667,453.2115250753871
60,15,1,1,95,4.84,0,0,180,726.3339146351499,1.0,558.7539350244498
75,51,0,1,17,4.83,0,1,79,283.4132787585248,0.4388888888888889,349.7385741449334
25,15,1,1,88,4.68,0,1,31,148.18648820169864,0.17222222222222222,250.4045412516979
46,31,1,0,67,3.53,2,0,61,158.59209307103367,0.3388888888888889,312.48831180997007
48,11,2,1,86,3.55,3,0,15,57.89462608061131,0.08333333333333333,217.29319695395267
51,6,0,0,64,4.57,2,0,34,142.5577269374603,0.18888888888888888,256.6129183075251
68,23,1,0,96,4.77,2,0,105,359.128113102171,0.5833333333333334,403.5445086287694
89,8,1,2,18,3.83,2,0,121,407.5520587692045,0.6722222222222223,436.6558529265145
84,55,1,1,1,4.47,0,0,146,487.3991192361553,0.8111111111111111,488.39232839174133
50,8,0,1,25,3.8,1,1,13,89.61312852216915,0.07222222222222222,213.15427891673454
99,40,2,0,26,4.83,1,1,151,510.6580782397596,0.8388888888888889,498.73962348478676
21,9,2,0,91,4.82,2,0,47,171.6271185714875,0.2611111111111111,283.51588554944306
53,19,1,2,54,3.84,1,0,132,520.5653406452625,0.7333333333333333,459.4199021312143
60,16,2,0,68,4.23,3,0,108,458.096326804516,0.6,409.75288568459655
32,22,1,2,9,4.68,3,1,135,530.1491563778454,0.75,465.6282791870415
51,25,0,1,21,4.43,1,1,38,200.2582591219043,0.2111111111111111,264.8907543819614
22,5,2,1,75,4.39,3,1,19,128.0167601925525,0.10555555555555556,225.57103302838902
21,7,0,1,6,4.96,0,1,180,836.1164185613576,1.0,558.7539350244498
55,21,0,2,49,4.59,2,0,111,471.0890518884983,0.6166666666666667,415.96126274042376
42,31,0,0,32,4.75,3,0,12,50.6401755820817,0.06666666666666667,211.0848198981255
86,26,0,2,31,3.69,0,0,85,263.1611767019543,0.4722222222222222,362.15532825658784
48,18,0,2,60,4.47,0,1,124,524.1655595085831,0.6888888888888889,442.8642299823417
82,65,2,0,43,4.8,3,1,112,330.2265438250878,0.6222222222222222,418.0307217590328
63,48,0,1,88,4.09,2,0,70,212.7407519371268,0.3888888888888889,331.1134429774517
44,24,2,1,83,3.61,3,0,13,48.92895253547415,0.07222222222222222,213.15427891673454
39,18,1,0,78,4.21,0,0,165,734.3951190125542,0.9166666666666666,527.7120497453136
23,7,0,0,98,4.35,2,0,76,281.33950234360725,0.4222222222222222,343.5301970891062
31,7,0,2,27,4.73,2,1,141,476.28985780068655,0.7833333333333333,478.0450332986959
44,7,0,1,55,3.66,3,1,103,490.3421583214189,0.5722222222222222,399.4055905915512
23,5,2,0,92,3.71,3,0,105,363.4447759027239,0.5833333333333334,403.5445086287694
63,46,2,2,36,4.59,2,0,18,49.83993575677632,0.1,223.50157400977992
25,15,2,0,15,4.18,2,1,176,516.8295590439432,0.9777777777777777,550.4760989500136
27,11,0,1,1,4.34,3,0,99,262.6864663772181,0.55,391.1277545171149
57,28,2,0,27,4.58,0,0,107,423.5098573724167,0.5944444444444444,407.6834266659875
83,26,1,0,77,3.62,3,1,74,373.975635759196,0.4111111111111111,339.39127905188803
80,5,1,1,53,3.67,1,1,48,184.24294467848267,0.26666666666666666,285.5853445680521
50,40,0,2,61,4.7,1,1,73,319.11098294212263,0.40555555555555556,337.321820033279
84,8,0,0,21,4.63,3,0,172,549.2008068168793,0.9555555555555556,542.1982628755773
90,54,0,1,1,3.59,0,1,87,427.8571629452071,0.48333333333333334,366.294246293806
28,9,2,2,68,4.82,1,1,43,164.316390505398,0.2388888888888889,275.2380494750068
97,64,0,2,62,3.52,2,1,152,638.1340201838489,0.8444444444444444,500.8090825033958
99,22,1,2,7,4.4,2,0,39,131.44358716419623,0.21666666666666667,266.96021340057047
96,53,0,1,58,4.28,0,0,21,55.6373707994896,0.11666666666666667,229.70995106560716
88,69,0,0,89,3.6,1,1,107,467.92749485577286,0.5944444444444444,407.6834266659875
53,17,0,2,78,4.03,0,1,26,120.24719290813758,0.14444444444444443,240.05724615865248
28,14,0,2,77,3.58,0,0,98,374.65518279544045,0.5444444444444444,389.05829549850574
59,21,0,1,97,3.6,0,1,67,269.44414015954374,0.37222222222222223,324.90506592162455
50,27,1,0,100,4.22,2,1,173,685.6696935694298,0.9611111111111111,544.2677218941864
89,8,2,0,40,3.59,2,1,151,528.0024896243917,0.8388888888888889,498.73962348478676
83,34,2,2,96,4.71,1,1,176,812.0729938599545,0.9777777777777777,550.4760989500136
73,14,2,0,28,4.31,1,0,29,118.97305838669006,0.16111111111111112,246.26562321447972
76,35,1,1,8,4.89,0,1,138,406.5899107855241,0.7666666666666667,471.8366562428687
56,35,0,2,33,3.97,2,0,47,134.77582951421903,0.2611111111111111,283.51588554944306
40,20,0,1,11,4.4,0,0,83,343.79851998722387,0.46111111111111114,358.01641021936973
27,6,2,2,92,3.73,3,1,125,460.2837624776103,0.6944444444444444,444.9336890009508
32,7,2,1,79,4.05,2,0,83,306.390461217286,0.46111111111111114,358.01641021936973
48,24,2,2,35,4.2,3,1,51,251.4211394087152,0.2833333333333333,291.7937216238793
71,41,2,0,31,3.81,0,1,140,614.63671317069,0.7777777777777778,475.97557428008685
53,6,0,2,74,4.12,3,0,76,231.1651667910225,0.4222222222222222,343.5301970891062
87,44,0,2,61,3.87,1,1,16,117.76366453355408,0.08888888888888889,219.36265597256178
36,16,2,1,82,4.62,0,1,72,253.4912438007839,0.4,335.2523610146699
39,20,0,0,71,4.11,2,0,111,404.5983991889042,0.6166666666666667,415.96126274042376
91,81,0,0,15,4.68,1,1,20,135.1772701347079,0.1111111111111111,227.6404920469981
31,18,2,1,46,4.86,3,0,128,360.8585507409454,0.7111111111111111,451.14206605677805
94,67,1,2,34,4.64,3,1,64,231.3263184773236,0.35555555555555557,318.69668886579734
83,18,2,0,12,4.98,2,0,81,286.409294385432,0.45,353.8774921821515
34,9,2,2,65,4.69,0,1,107,508.7118174567975,0.5944444444444444,407.6834266659875
32,6,0,0,75,4.47,2,1,154,721.7212691270341,0.8555555555555555,504.9480005406139
22,7,2,0,15,3.53,1,1,180,552.2693747461685,1.0,558.7539350244498
49,20,0,2,52,4.74,0,1,162,510.62689141008207,0.9,521.5036726894865
61,38,2,2,95,3.5,3,0,164,415.9794524398186,0.9111111111111111,525.6425907267046
21,9,2,0,48,4.4,0,1,152,660.0597080304599,0.8444444444444444,500.8090825033958
40,18,2,2,16,4.59,0,1,157,644.0445755475266,0.8722222222222222,511.15637759644113
22,6,2,2,82,4.3,2,1,172,710.884313751738,0.9555555555555556,542.1982628755773
34,11,1,0,66,4.59,2,0,134,478.20015364109577,0.7444444444444445,463.5588201684325
56,31,0,2,9,4.79,0,1,167,744.4180991800615,0.9277777777777778,531.8509677825318
93,36,2,0,60,4.63,0,0,111,478.7697584495512,0.6166666666666667,415.96126274042376
38,9,1,0,57,4.26,2,1,16,104.0560727191975,0.08888888888888889,219.36265597256178
76,26,1,2,74,4.18,1,1,159,486.1839276370279,0.8833333333333333,515.2952956336593
47,24,1,2,11,3.62,3,1,148,657.0936874279021,0.8222222222222222,492.53124642895943
64,10,2,2,62,4.98,1,0,38,96.3007413779792,0.2111111111111111,264.8907543819614
56,10,0,0,28,3.8,0,0,144,609.9082747031204,0.8,484.25341035452317
44,25,0,2,32,4.43,3,1,154,502.1012063441772,0.8555555555555555,504.9480005406139
34,6,0,1,11,3.75,2,0,179,465.719058488387,0.9944444444444445,556.6844760058408
45,18,1,2,70,3.84,3,0,122,308.43591786214927,0.6777777777777778,438.72531194512356
31,7,0,1,22,4.88,0,1,172,806.0212701919081,0.9555555555555556,542.1982628755773
95,28,0,1,34,4.48,1,0,163,576.9675719994219,0.9055555555555556,523.5731317080955
82,59,0,1,39,3.5,3,1,67,284.2944207006542,0.37222222222222223,324.90506592162455
95,38,2,2,39,3.71,0,1,97,478.3662772118347,0.5388888888888889,386.9888364798967
27,12,1,2,1,4.93,1,0,41,119.4823999754907,0.22777777777777777,271.0991314377886
94,23,1,1,71,4.15,3,1,154,532.5097779421501,0.8555555555555555,504.9480005406139
66,15,2,2,88,4.21,1,1,65,291.9008795114952,0.3611111111111111,320.7661478844064
40,6,0,0,37,4.75,0,1,148,707.8553931548287,0.8222222222222222,492.53124642895943
56,27,1,2,62,4.74,1,1,129,435.7154538108565,0.7166666666666667,453.2115250753871
54,6,1,0,48,4.26,2,0,154,504.0841142440527,0.8555555555555555,504.9480005406139
46,15,1,2,96,4.69,2,1,116,497.3770093020007,0.6444444444444445,426.3085578334691
65,16,1,2,82,3.62,1,1,146,460.8002858653508,0.8111111111111111,488.39232839174133
96,48,2,0,11,4.19,3,0,79,272.4960775620536,0.4388888888888889,349.7385741449334
47,9,1,0,88,4.06,3,0,93,246.9535423209308,0.5166666666666667,378.7110004054604
20,7,2,2,55,4.43,3,0,153,482.7422075016093,0.85,502.87854152200487
94,57,1,1,13,4.04,0,0,60,205.495759583372,0.3333333333333333,310.41885279136096
52,30,1,2,25,3.67,3,0,142,531.6062153403296,0.7888888888888889,480.11449231730495
71,6,1,0,48,4.05,0,0,157,550.9983736824666,0.8722222222222222,511.15637759644113
46,8,0,0,39,3.97,1,1,123,396.9586997774456,0.6833333333333333,440.7947709637326
53,40,2,1,13,3.79,3,0,118,318.2115758092651,0.6555555555555556,430.44747587068724
26,11,2,1,97,3.64,2,0,141,427.0550612068028,0.7833333333333333,478.0450332986959
100,46,1,0,74,3.74,0,0,171,448.31285347772814,0.95,540.1288038569681
74,38,2,1,95,5.0,1,0,167,455.4083398759809,0.9277777777777778,531.8509677825318
53,5,0,0,100,4.46,3,1,33,179.17081970350634,0.18333333333333332,254.54345928891604
75,63,2,0,24,4.18,0,0,29,104.18588264010208,0.16111111111111112,246.26562321447972
44,9,1,1,54,4.2,2,1,13,91.67748868757226,0.07222222222222222,213.15427891673454
76,60,1,1,81,3.6,1,1,72,264.08573637935564,0.4,335.2523610146699
88,18,1,2,80,4.83,1,0,109,424.65693227127065,0.6055555555555555,411.82234470320566
54,35,0,0,95,4.98,1,1,61,218.9504185416184,0.3388888888888889,312.48831180997007
49,30,2,1,7,3.97,0,1,77,248.1703336422785,0.42777777777777776,345.59965610771525
25,8,2,2,11,4.0,0,0,109,422.4367392307234,0.6055555555555555,411.82234470320566
36,18,1,0,15,4.21,0,0,86,280.5240756909656,0.4777777777777778,364.22478727519695
42,25,1,2,44,4.99,2,1,122,565.9834811108678,0.6777777777777778,438.72531194512356
29,14,0,0,2,4.69,3,1,180,828.2131345744126,1.0,558.7539350244498
52,16,2,2,63,4.13,2,0,49,132.84680584297232,0.2722222222222222,287.65480358666116
37,6,0,0,59,4.73,1,0,20,86.17345483820148,0.1111111111111111,227.6404920469981
91,17,0,0,21,4.84,0,1,149,545.3868063047398,0.8277777777777777,494.60070544756854
29,8,0,2,79,4.26,2,1,133,531.0619846358322,0.7388888888888889,461.48936114982337
62,45,0,1,87,4.74,0,1,20,108.6023564641184,0.1111111111111111,227.6404920469981
69,7,2,1,51,4.56,0,1,103,462.66304412150464,0.5722222222222222,399.4055905915512
32,14,1,2,80,3.56,0,1,80,254.9510771161675,0.4444444444444444,351.80803316354246
78,31,2,0,6,3.78,1,1,64,271.0126649576171,0.35555555555555557,318.69668886579734
53,10,0,2,10,3.58,1,0,168,424.48842846396354,0.9333333333333333,533.9204268011409
60,50,1,2,54,4.57,0,1,38,151.77728650517233,0.2111111111111111,264.8907543819614
97,58,2,0,1,4.11,2,1,83,383.0749064097095,0.46111111111111114,358.01641021936973
87,77,2,0,12,3.56,3,1,11,97.78450586126137,0.06111111111111111,209.0153608795164
74,20,0,2,68,4.36,3,0,32,119.59407325541466,0.17777777777777778,252.47400027030696
90,58,2,0,1,4.7,0,1,21,126.57277068445282,0.11666666666666667,229.70995106560716
21,8,0,1,69,4.24,0,1,176,829.5343798843528,0.9777777777777777,550.4760989500136
70,35,2,2,35,4.9,3,1,108,418.815349545453,0.6,409.75288568459655
37,7,1,1,1,3.92,1,0,62,233.21310275336955,0.34444444444444444,314.5577708285792
30,11,0,0,93,3.56,3,1,155,701.141472496938,0.8611111111111112,507.017459559223
64,22,2,1,26,4.24,1,1,115,388.72966746525947,0.6388888888888888,424.23909881486003
40,23,2,2,6,3.96,3,0,178,528.60807288888,0.9888888888888889,554.6150169872317
28,18,2,0,100,3.62,0,1,92,382.03843862699455,0.5111111111111111,376.6415413868513
85,19,0,0,17,3.69,2,0,164,587.331264277609,0.9111111111111111,525.6425907267046
92,77,2,0,100,4.26,3,0,47,167.7398193291184,0.2611111111111111,283.51588554944306
93,56,1,1,56,4.65,1,1,86,304.8360144837103,0.4777777777777778,364.22478727519695
36,25,0,1,26,3.57,0,0,122,354.1540979676975,0.6777777777777778,438.72531194512356
94,50,1,1,88,4.95,3,1,49,250.4603273046531,0.2722222222222222,287.65480358666116
27,8,0,0,48,4.18,0,0,167,495.2197782062817,0.9277777777777778,531.8509677825318
86,41,0,1,96,4.5,2,1,68,301.5483736351267,0.37777777777777777,326.9745249402336
22,11,0,1,39,4.63,1,0,101,433.03454356764814,0.5611111111111111,395.266672554333
95,56,0,2,86,3.79,2,1,147,671.4712089285143,0.8166666666666667,490.4617874103504
99,89,2,2,63,4.84,0,0,16,49.71329085631081,0.08888888888888889,219.36265597256178
22,8,0,1,4,4.84,2,0,122,408.129769999122,0.6777777777777778,438.72531194512356
100,85,1,2,59,4.46,1,0,110,329.4837131421355,0.6111111111111112,413.8918037218147
61,38,0,2,100,4.34,1,1,78,383.3178042225475,0.43333333333333335,347.66911512632436
33,18,1,0,7,4.01,3,0,105,313.06815696851334,0.5833333333333334,403.5445086287694
39,22,0,0,63,3.87,1,1,170,706.6896358975697,0.9444444444444444,538.059344838359
37,5,2,2,75,3.88,1,1,26,142.6153122038585,0.14444444444444443,240.05724615865248
95,53,1,2,6,4.01,0,1,158,708.8224028092762,0.8777777777777778,513.2258366150502
28,6,1,0,54,4.03,0,1,168,593.065918046481,0.9333333333333333,533.9204268011409
66,17,2,0,84,4.47,3,0,139,604.3834014812801,0.7722222222222223,473.9061152614778
60,11,1,0,18,4.29,1,0,26,100.2582627032478,0.14444444444444443,240.05724615865248
94,34,1,0,99,4.54,0,1,155,685.7612504810801,0.8611111111111112,507.017459559223
63,12,2,2,54,4.47,1,1,140,446.41301231617626,0.7777777777777778,475.97557428008685
38,8,1,2,59,4.44,3,1,75,291.107936848218,0.4166666666666667,341.46073807049714
35,21,1,2,13,4.14,2,1,36,193.64239387562827,0.2,260.75183634474325
83,64,1,0,78,4.01,1,0,109,304.52612995371493,0.6055555555555555,411.82234470320566
62,14,0,2,33,4.23,2,1,85,386.834933294766,0.4722222222222222,362.15532825658784
88,48,2,0,52,4.52,3,0,92,230.83258579661484,0.5111111111111111,376.6415413868513
68,11,0,2,89,3.66,1,0,93,333.9106726820272,0.5166666666666667,378.7110004054604
84,64,2,1,34,4.13,1,1,99,353.8098038704909,0.55,391.1277545171149
40,10,2,1,60,3.87,3,1,79,293.19813425701705,0.4388888888888889,349.7385741449334
93,20,2,1,38,4.78,0,1,144,447.083068843808,0.8,484.25341035452317
57,44,2,0,78,3.53,1,0,153,584.888884974888,0.85,502.87854152200487
67,16,1,0,24,4.52,1,1,150,488.1872511532145,0.8333333333333334,496.67016446617765
68,16,2,2,91,4.49,3,0,77,246.7577555097292,0.42777777777777776,345.59965610771525
38,22,2,0,60,3.6,2,1,104,312.1731588463509,0.5777777777777777,401.4750496101602
49,28,2,2,61,3.9,1,1,172,576.281119337865,0.9555555555555556,542.1982628755773
98,59,2,1,55,4.6,2,0,100,381.391205400882,0.5555555555555556,393.19721353572396
47,9,1,0,38,4.06,2,0,141,543.7702542024564,0.7833333333333333,478.0450332986959
27,11,2,1,97,4.78,1,1,137,472.5224037960476,0.7611111111111111,469.76719722425963
59,29,2,1,68,4.4,3,1,88,286.05897011629656,0.4888888888888889,368.3637053124151
56,20,2,1,74,4.05,1,0,25,88.95619552388446,0.1388888888888889,237.98778714004342
50,39,2,0,62,3.95,2,1,135,646.9811778631195,0.75,465.6282791870415
93,37,2,0,37,4.75,3,0,76,292.9246564000302,0.4222222222222222,343.5301970891062
46,22,0,1,97,3.51,2,0,100,395.769846813748,0.5555555555555556,393.19721353572396
56,19,1,2,16,4.46,1,1,86,279.6798100890559,0.4777777777777778,364.22478727519695
37,16,1,0,8,4.5,1,0,46,192.50297743378897,0.25555555555555554,281.44642653083395
85,58,2,1,85,4.1,3,1,92,351.77029329216225,0.5111111111111111,376.6415413868513
27,7,2,1,89,3.6,2,1,120,555.4019371049674,0.6666666666666666,434.58639390790535
44,16,0,2,31,3.96,3,1,122,395.3781570382596,0.6777777777777778,438.72531194512356
75,51,1,1,68,3.65,0,1,66,261.5103067801241,0.36666666666666664,322.83560690301545
21,11,2,0,46,3.84,2,0,103,397.5648404411393,0.5722222222222222,399.4055905915512
42,29,1,2,67,4.59,2,1,153,735.2764383329761,0.85,502.87854152200487
25,15,1,2,100,4.9,3,1,94,289.4570095389695,0.5222222222222223,380.7804594240695
67,46,1,1,92,4.72,2,0,32,97.6750013649232,0.17777777777777778,252.47400027030696
29,6,1,2,24,4.37,0,0,50,197.46392160702555,0.2777777777777778,289.72426260527027
100,70,2,0,42,4.9,3,1,167,762.8822843495781,0.9277777777777778,531.8509677825318
37,10,1,0,27,4.26,0,0,143,512.44939271165,0.7944444444444444,482.18395133591406
31,14,2,0,37,4.3,3,1,103,484.4661863877365,0.5722222222222222,399.4055905915512
49,12,1,2,30,4.37,0,1,84,353.01840875622844,0.4666666666666667,360.0858692379788
42,19,0,1,56,4.84,1,1,144,539.7316715337728,0.8,484.25341035452317
61,5,0,1,48,4.15,2,0,29,114.16365482248573,0.16111111111111112,246.26562321447972
24,7,1,0,85,4.36,3,0,169,521.4080460440558,0.9388888888888889,535.98988581975
20,10,0,1,18,4.28,1,1,123,450.3878805106937,0.6833333333333333,440.7947709637326
22,9,2,2,36,4.51,1,1,10,82.69156896202661,0.05555555555555555,206.94590186090736
98,87,1,1,59,4.26,0,0,13,34.57409278115731,0.07222222222222222,213.15427891673454
30,14,2,2,64,4.45,0,0,147,535.1718879088473,0.8166666666666667,490.4617874103504
32,13,2,1,75,4.56,1,1,111,333.4011668412356,0.6166666666666667,415.96126274042376
22,12,2,2,49,4.88,3,1,35,179.8388198801664,0.19444444444444445,258.68237732613414
62,8,2,2,13,4.2,3,1,65,241.9912178461052,0.3611111111111111,320.7661478844064
51,27,2,0,8,4.31,3,0,92,369.3803924019288,0.5111111111111111,376.6415413868513
85,74,1,1,82,3.92,1,1,177,704.3001292247022,0.9833333333333333,552.5455579686226
28,9,2,2,26,3.95,3,1,114,466.9720738288303,0.6333333333333333,422.169639796251
93,70,1,2,21,3.81,1,0,12,41.12164471941277,0.06666666666666667,211.0848198981255
36,9,1,2,53,4.46,3,1,127,404.02979977887577,0.7055555555555556,449.072607038169
80,22,0,0,17,4.4,2,0,141,423.75441798529033,0.7833333333333333,478.0450332986959
60,24,0,1,18,4.16,2,1,45,165.72466245477892,0.25,279.3769675122249
97,45,2,2,90,3.71,2,1,151,578.8213877560842,0.8388888888888889,498.73962348478676
53,14,1,2,24,3.99,0,1,161,707.4493979183783,0.8944444444444445,519.4342136708774
79,22,0,2,53,3.96,1,1,126,542.8095730212775,0.7,447.00314801955983
44,24,2,2,55,4.08,0,1,137,513.9900766589533,0.7611111111111111,469.76719722425963
34,12,1,1,3,4.83,3,1,62,298.3556200090825,0.34444444444444444,314.5577708285792
55,12,2,2,96,4.66,2,1,48,183.2701656673754,0.26666666666666666,285.5853445680521
49,29,1,1,35,4.8,1,1,160,468.3069201504469,0.8888888888888888,517.3647546522683
72,54,0,1,68,3.85,0,0,74,220.4983368386397,0.4111111111111111,339.39127905188803
72,27,2,0,76,3.97,2,1,70,265.94661511348426,0.3888888888888889,331.1134429774517
99,6,1,0,49,4.32,0,0,113,311.4894374116108,0.6277777777777778,420.10018077764187
21,10,0,1,22,4.42,2,0,151,647.8477765247827,0.8388888888888889,498.73962348478676
50,25,2,2,89,4.74,0,0,107,383.9141419544756,0.5944444444444444,407.6834266659875
61,35,0,2,4,4.77,2,1,115,557.916185756397,0.6388888888888888,424.23909881486003
24,5,0,2,57,4.96,3,1,70,228.7960083986281,0.3888888888888889,331.1134429774517
31,17,0,2,71,4.46,1,1,55,237.76862211931405,0.3055555555555556,300.07155769831564
35,20,1,1,62,3.55,0,0,117,297.0874038526085,0.65,428.37801685207813
74,30,2,1,97,3.9,1,0,179,794.3231511066332,0.9944444444444445,556.6844760058408
94,61,2,1,12,4.95,1,1,133,563.8497971641384,0.7388888888888889,461.48936114982337
44,11,0,2,31,3.92,0,1,110,339.2870734791633,0.6111111111111112,413.8918037218147
84,37,2,0,3,3.83,1,1,69,248.9476553705649,0.38333333333333336,329.04398395884266
27,12,1,1,39,4.51,2,1,55,279.2686999169939,0.3055555555555556,300.07155769831564
59,36,1,1,43,3.74,1,1,25,145.04223833476908,0.1388888888888889,237.98778714004342
82,20,2,1,59,3.99,3,1,45,241.8259564507362,0.25,279.3769675122249
24,10,2,0,24,4.09,2,1,97,430.60985477056624,0.5388888888888889,386.9888364798967
84,67,1,1,48,4.87,3,0,81,219.99370680056552,0.45,353.8774921821515
52,9,1,1,24,4.19,2,0,102,366.7282586383836,0.5666666666666667,397.33613157294207
38,12,0,2,44,4.85,1,0,110,356.8814026432877,0.6111111111111112,413.8918037218147
26,12,2,1,80,4.27,0,0,134,441.4714772887345,0.7444444444444445,463.5588201684325
61,39,1,1,82,4.49,2,1,46,230.1431447581205,0.25555555555555554,281.44642653083395
87,41,0,0,97,4.27,0,1,37,158.89198003545,0.20555555555555555,262.8212953633523
98,46,1,0,55,4.71,1,0,173,766.9193242115463,0.9611111111111111,544.2677218941864
24,13,2,2,54,4.09,2,0,161,466.7229822330101,0.8944444444444445,519.4342136708774
44,8,2,0,43,3.82,3,0,86,233.50662384935427,0.4777777777777778,364.22478727519695
71,59,2,1,71,4.47,1,0,31,104.1037337805616,0.17222222222222222,250.4045412516979
91,59,2,2,68,4.77,3,0,15,38.33576819209958,0.08333333333333333,217.29319695395267
32,14,2,0,75,4.49,3,0,177,761.0167600703148,0.9833333333333333,552.5455579686226
79,24,2,2,0,4.26,1,0,82,284.8625062809567,0.45555555555555555,355.9469512007606
73,27,2,1,55,4.27,2,1,50,216.06019585156733,0.2777777777777778,289.72426260527027
32,16,0,2,80,4.78,2,0,11,39.37370119886104,0.06111111111111111,209.0153608795164
22,10,0,2,5,4.44,2,1,129,471.7821019342959,0.7166666666666667,453.2115250753871
35,19,2,2,45,4.99,0,0,159,508.6730024657942,0.8833333333333333,515.2952956336593
24,10,1,1,79,4.3,3,0,24,95.11851081754354,0.13333333333333333,235.91832812143434
67,31,0,0,64,3.62,3,0,169,735.1444900755255,0.9388888888888889,535.98988581975
100,73,2,2,95,3.98,3,1,100,456.60307303079816,0.5555555555555556,393.19721353572396
66,16,2,2,94,4.52,2,0,34,122.24187517858556,0.18888888888888888,256.6129183075251
96,36,2,1,57,4.06,1,1,139,599.8171406236374,0.7722222222222223,473.9061152614778
60,8,2,1,68,4.84,2,1,144,438.5186068324803,0.8,484.25341035452317
92,31,0,2,54,3.91,3,1,148,516.1330392078827,0.8222222222222222,492.53124642895943
92,49,2,2,9,4.23,1,1,89,397.4831040703401,0.49444444444444446,370.43316433102416
56,37,2,2,27,4.12,0,1,68,317.8400260939533,0.37777777777777777,326.9745249402336
88,71,0,1,42,4.87,0,1,109,330.78364034759613,0.6055555555555555,411.82234470320566
87,47,0,2,6,4.54,2,1,162,743.3166378180009,0.9,521.5036726894865
85,6,1,0,92,4.11,0,0,73,274.1712773124912,0.40555555555555556,337.321820033279
98,54,0,1,34,4.57,1,1,113,462.4075929220183,0.6277777777777778,420.10018077764187
28,14,0,1,24,4.2,0,0,147,533.0802632142761,0.8166666666666667,490.4617874103504
36,9,1,2,22,3.51,3,1,37,143.2178421949143,0.20555555555555555,262.8212953633523
20,8,1,2,38,4.82,3,1,155,574.9456425421428,0.8611111111111112,507.017459559223
94,36,0,1,41,4.57,2,0,76,215.741761640662,0.4222222222222222,343.5301970891062
94,82,1,0,48,4.92,2,1,20,129.7685299495176,0.1111111111111111,227.6404920469981
70,7,2,1,13,4.09,0,0,117,321.0007657787772,0.65,428.37801685207813
90,71,1,1,37,3.51,2,1,32,172.59277503910292,0.17777777777777778,252.47400027030696
42,10,2,2,56,4.01,3,1,95,455.20978516158993,0.5277777777777778,382.84991844267853
44,18,1,0,88,3.67,3,1,50,199.8397440906976,0.2777777777777778,289.72426260527027
60,16,1,1,28,3.91,1,0,105,281.0970650985199,0.5833333333333334,403.5445086287694
26,5,0,2,7,4.75,0,1,140,413.54800185803066,0.7777777777777778,475.97557428008685
79,13,0,1,6,4.63,0,0,38,134.09432585149492,0.2111111111111111,264.8907543819614
26,8,0,0,65,3.58,3,1,89,378.50396161301137,0.49444444444444446,370.43316433102416
62,7,2,2,2,4.71,2,1,28,162.05358553352147,0.15555555555555556,244.19616419587067
42,16,0,0,33,3.63,2,0,166,513.1161277813304,0.9222222222222223,529.7815087639228
57,16,2,1,0,3.95,0,0,97,308.6385554813678,0.5388888888888889,386.9888364798967
33,13,0,0,34,4.78,2,0,66,239.08854651007988,0.36666666666666664,322.83560690301545
22,10,0,1,26,4.97,2,0,170,562.1650160715976,0.9444444444444444,538.059344838359
67,44,2,1,27,4.69,2,0,129,467.0198948894929,0.7166666666666667,453.2115250753871
62,15,1,2,15,4.28,3,0,73,327.43334173812747,0.40555555555555556,337.321820033279
95,49,0,1,92,4.27,3,1,99,332.0936161256213,0.55,391.1277545171149
61,36,2,2,72,4.64,3,1,109,457.0853188522962,0.6055555555555555,411.82234470320566
48,12,0,2,25,4.26,3,0,180,552.8162271192283,1.0,558.7539350244498
93,59,0,1,30,4.11,0,1,89,281.0521288708149,0.49444444444444446,370.43316433102416
59,18,2,0,67,3.86,2,0,98,288.3451530321269,0.5444444444444444,389.05829549850574
95,73,2,1,20,3.59,1,1,138,666.8242060496077,0.7666666666666667,471.8366562428687
71,33,1,1,4,4.88,1,1,109,436.0192372930386,0.6055555555555555,411.82234470320566
20,7,1,0,71,3.83,2,1,51,248.22030676592635,0.2833333333333333,291.7937216238793
23,7,2,0,96,3.97,0,1,165,493.2338839519256,0.9166666666666666,527.7120497453136
80,69,1,2,94,4.44,3,0,74,291.5110820764234,0.4111111111111111,339.39127905188803
58,10,2,0,51,4.27,3,1,138,459.0606514814432,0.7666666666666667,471.8366562428687
71,25,2,0,72,4.46,1,0,169,603.9358824371426,0.9388888888888889,535.98988581975
69,26,0,0,48,4.28,1,1,175,502.6040622268877,0.9722222222222222,548.4066399314045
89,54,1,0,48,4.38,0,0,24,74.78832688768996,0.13333333333333333,235.91832812143434
84,62,2,2,52,4.61,0,0,29,126.23081147979764,0.16111111111111112,246.26562321447972
98,61,2,2,91,4.28,3,0,95,319.94237960548924,0.5277777777777778,382.84991844267853
95,25,2,0,26,3.62,2,0,81,207.61291922267668,0.45,353.8774921821515
79,29,0,2,29,4.22,3,0,99,304.74417790488224,0.55,391.1277545171149
82,10,2,2,97,4.43,3,0,177,481.7658793191911,0.9833333333333333,552.5455579686226
87,5,0,0,6,3.76,1,0,28,83.3353748167845,0.15555555555555556,244.19616419587067
83,35,0,0,3,4.32,3,1,116,513.6451022177532,0.6444444444444445,426.3085578334691
47,9,0,1,5,4.81,3,1,178,561.374877548703,0.9888888888888889,554.6150169872317
34,7,2,2,54,4.71,3,1,149,516.51117285383,0.8277777777777777,494.60070544756854
26,13,0,1,14,4.19,2,0,174,666.4286805847338,0.9666666666666667,546.3371809127955
88,7,0,0,11,3.64,3,1,130,573.2085393656391,0.7222222222222222,455.2809840939962
57,26,0,1,92,3.8,1,1,67,283.7979251507492,0.37222222222222223,324.90506592162455
45,17,0,2,67,4.7,0,0,15,66.78323718712389,0.08333333333333333,217.29319695395267
82,26,2,0,35,4.71,2,0,114,289.2390324634591,0.6333333333333333,422.169639796251
54,39,0,0,88,4.59,1,0,42,147.42638660593482,0.23333333333333334,273.16859045639774
95,24,1,0,79,3.5,0,0,130,552.2304431046015,0.7222222222222222,455.2809840939962
63,31,1,2,2,3.81,1,1,160,632.5601419476765,0.8888888888888888,517.3647546522683
43,18,2,0,58,4.22,1,0,156,494.7452574847764,0.8666666666666667,509.0869185778321
33,14,1,1,87,4.81,1,1,17,118.98653335805044,0.09444444444444444,221.43211499117086
33,23,2,0,24,4.21,2,1,11,91.38952597435124,0.06111111111111111,209.0153608795164
84,29,2,1,92,4.55,2,1,94,424.1559867017463,0.5222222222222223,380.7804594240695
44,6,1,0,80,4.13,3,1,40,157.36483032789283,0.2222222222222222,269.0296724191795
53,27,1,1,78,3.63,3,1,58,279.09504825213924,0.32222222222222224,306.27993475414286
78,63,0,0,14,4.21,0,0,147,655.065105532243,0.8166666666666667,490.4617874103504
